"Substance";"categories";"location";"CF_DALY_per_kg"
"Particulates, < 2.5 um";"('air',)";"RER";0.000177
"Particulates, < 2.5 um";"('air',)";"IAI Area, Asia, without China and GCC";0.000296
"Particulates, < 2.5 um";"('air',)";"CA";1.06e-05
"Particulates, < 2.5 um";"('air',)";"IAI Area, EU27 & EFTA";0.000271
"Particulates, < 2.5 um";"('air',)";"MA";0.000176
"Particulates, < 2.5 um";"('air',)";"RNA";4.16e-05
"Particulates, < 2.5 um";"('air',)";"IN";0.000664
"Particulates, < 2.5 um";"('air',)";"PE";0.000108
"Particulates, < 2.5 um";"('air',)";"CA-QC";1.61e-05
"Particulates, < 2.5 um";"('air',)";"IAI Area, Africa";0.000299
"Particulates, < 2.5 um";"('air',)";"BR";7.45e-05
"Particulates, < 2.5 um";"('air',)";"UN-OCEANIA";9.65e-06
"Particulates, < 2.5 um";"('air',)";"Europe without Switzerland and Austria";0.000176
"Particulates, < 2.5 um";"('air',)";"RLA";0.000105
"Particulates, < 2.5 um";"('air',)";"IT";0.000429
"Particulates, < 2.5 um";"('air',)";"TN";0.000215
"Particulates, < 2.5 um";"('air',)";"Europe without Switzerland";0.000177
"Particulates, < 2.5 um";"('air',)";"IAI Area, Russia & RER w/o EU27 & EFTA";2.68e-05
"Particulates, < 2.5 um";"('air',)";"CO";0.000216
"Particulates, < 2.5 um";"('air',)";"MY";0.000231
"Particulates, < 2.5 um";"('air',)";"US";0.000112
"Particulates, < 2.5 um";"('air',)";"IAI Area, Gulf Cooperation Council";8.67e-05
"Particulates, < 2.5 um";"('air',)";"CN";0.000211
"Particulates, < 2.5 um";"('air',)";"IAI Area, South America";6.99e-05
"Particulates, < 2.5 um";"('air',)";"ZA";9.26e-05
"Particulates, < 2.5 um";"('air',)";"AT";0.000337
"Particulates, < 2.5 um";"('air',)";"CA-AB";2.47e-05
"Particulates, < 2.5 um";"('air',)";"CH";0.000642
"Particulates, < 2.5 um";"('air',)";"GLO";3.29e-05
"Particulates, < 2.5 um";"('air',)";"DE";0.000633
"Particulates, < 2.5 um";"('air',)";"Europe without Austria";0.000177
"Particulates, < 2.5 um";"('air',)";"BE";0.000943
"Particulates, < 2.5 um";"('air',)";"PH";0.000691
"Particulates, < 2.5 um";"('air',)";"FR";0.000387
"Particulates, < 2.5 um";"('air',)";"ES";0.000298
"Particulates, < 2.5 um";"('air',)";"RoW";3.29e-05
"Particulates, < 2.5 um";"('air', 'urban air close to ground')";"RER";0.000177
"Particulates, < 2.5 um";"('air', 'urban air close to ground')";"LU";0.000621
"Particulates, < 2.5 um";"('air', 'urban air close to ground')";"CA-BC";1.33e-05
"Particulates, < 2.5 um";"('air', 'urban air close to ground')";"CN-YN";0.00037
"Particulates, < 2.5 um";"('air', 'urban air close to ground')";"IS";6.12e-06
"Particulates, < 2.5 um";"('air', 'urban air close to ground')";"CN-BJ";0.000666
"Particulates, < 2.5 um";"('air', 'urban air close to ground')";"IR";0.000169
"Particulates, < 2.5 um";"('air', 'urban air close to ground')";"CA-NF";3.72e-06
"Particulates, < 2.5 um";"('air', 'urban air close to ground')";"US-NPCC";0.00031
"Particulates, < 2.5 um";"('air', 'urban air close to ground')";"IE";0.000125
"Particulates, < 2.5 um";"('air', 'urban air close to ground')";"CN-GX";0.000361
"Particulates, < 2.5 um";"('air', 'urban air close to ground')";"RO";0.000306
"Particulates, < 2.5 um";"('air', 'urban air close to ground')";"RNA";4.16e-05
"Particulates, < 2.5 um";"('air', 'urban air close to ground')";"CN-LN";0.000274
"Particulates, < 2.5 um";"('air', 'urban air close to ground')";"CA-QC";1.61e-05
"Particulates, < 2.5 um";"('air', 'urban air close to ground')";"US-WECC";9.29e-05
"Particulates, < 2.5 um";"('air', 'urban air close to ground')";"TR";0.00033
"Particulates, < 2.5 um";"('air', 'urban air close to ground')";"US-HICC";3.38e-05
"Particulates, < 2.5 um";"('air', 'urban air close to ground')";"CN-FJ";0.000559
"Particulates, < 2.5 um";"('air', 'urban air close to ground')";"BR-Southern grid";0.000161
"Particulates, < 2.5 um";"('air', 'urban air close to ground')";"CN-XZ";1.37e-05
"Particulates, < 2.5 um";"('air', 'urban air close to ground')";"GB";0.00054
"Particulates, < 2.5 um";"('air', 'urban air close to ground')";"RER w/o CH+DE";0.000161
"Particulates, < 2.5 um";"('air', 'urban air close to ground')";"IN-KL";0.00166
"Particulates, < 2.5 um";"('air', 'urban air close to ground')";"US-RFC";0.000296
"Particulates, < 2.5 um";"('air', 'urban air close to ground')";"MK";0.000376
"Particulates, < 2.5 um";"('air', 'urban air close to ground')";"RU";2.63e-05
"Particulates, < 2.5 um";"('air', 'urban air close to ground')";"IT";0.000429
"Particulates, < 2.5 um";"('air', 'urban air close to ground')";"MX";0.000252
"Particulates, < 2.5 um";"('air', 'urban air close to ground')";"NL";0.000867
"Particulates, < 2.5 um";"('air', 'urban air close to ground')";"CN-NM";7.83e-05
"Particulates, < 2.5 um";"('air', 'urban air close to ground')";"GR";0.000193
"Particulates, < 2.5 um";"('air', 'urban air close to ground')";"Europe without Switzerland";0.000177
"Particulates, < 2.5 um";"('air', 'urban air close to ground')";"CN-HB";0.000423
"Particulates, < 2.5 um";"('air', 'urban air close to ground')";"CN-SD";0.000521
"Particulates, < 2.5 um";"('air', 'urban air close to ground')";"US-SERC";0.000231
"Particulates, < 2.5 um";"('air', 'urban air close to ground')";"CA-NT";2.52e-06
"Particulates, < 2.5 um";"('air', 'urban air close to ground')";"MY";0.000231
"Particulates, < 2.5 um";"('air', 'urban air close to ground')";"CO";0.000216
"Particulates, < 2.5 um";"('air', 'urban air close to ground')";"CN-SA";0.000364
"Particulates, < 2.5 um";"('air', 'urban air close to ground')";"CA-SK";9.56e-06
"Particulates, < 2.5 um";"('air', 'urban air close to ground')";"ZA";9.26e-05
"Particulates, < 2.5 um";"('air', 'urban air close to ground')";"CN-SH";0.000889
"Particulates, < 2.5 um";"('air', 'urban air close to ground')";"AT";0.000337
"Particulates, < 2.5 um";"('air', 'urban air close to ground')";"GH";0.000464
"Particulates, < 2.5 um";"('air', 'urban air close to ground')";"CA-NU";2.47e-06
"Particulates, < 2.5 um";"('air', 'urban air close to ground')";"CH";0.000642
"Particulates, < 2.5 um";"('air', 'urban air close to ground')";"SA";6.13e-05
"Particulates, < 2.5 um";"('air', 'urban air close to ground')";"HU";0.000306
"Particulates, < 2.5 um";"('air', 'urban air close to ground')";"EE";0.000131
"Particulates, < 2.5 um";"('air', 'urban air close to ground')";"DE";0.000633
"Particulates, < 2.5 um";"('air', 'urban air close to ground')";"IN-KA";0.000769
"Particulates, < 2.5 um";"('air', 'urban air close to ground')";"TH";0.000257
"Particulates, < 2.5 um";"('air', 'urban air close to ground')";"NO";2.06e-05
"Particulates, < 2.5 um";"('air', 'urban air close to ground')";"CN-NX";0.000287
"Particulates, < 2.5 um";"('air', 'urban air close to ground')";"CN-QH";3.33e-05
"Particulates, < 2.5 um";"('air', 'urban air close to ground')";"DK";0.000271
"Particulates, < 2.5 um";"('air', 'urban air close to ground')";"KR";0.000483
"Particulates, < 2.5 um";"('air', 'urban air close to ground')";"CN-AH";0.000492
"Particulates, < 2.5 um";"('air', 'urban air close to ground')";"CN-HN";0.000445
"Particulates, < 2.5 um";"('air', 'urban air close to ground')";"CA-NS";3.05e-05
"Particulates, < 2.5 um";"('air', 'urban air close to ground')";"PL";0.00028
"Particulates, < 2.5 um";"('air', 'urban air close to ground')";"TW";0.000972
"Particulates, < 2.5 um";"('air', 'urban air close to ground')";"ES";0.000298
"Particulates, < 2.5 um";"('air', 'urban air close to ground')";"CN-HU";0.000416
"Particulates, < 2.5 um";"('air', 'urban air close to ground')";"BR-North-eastern grid";7.03e-05
"Particulates, < 2.5 um";"('air', 'urban air close to ground')";"LT";0.00016
"Particulates, < 2.5 um";"('air', 'urban air close to ground')";"RoW";3.29e-05
"Particulates, < 2.5 um";"('air', 'urban air close to ground')";"BA";0.000252
"Particulates, < 2.5 um";"('air', 'urban air close to ground')";"CN-CQ";0.000684
"Particulates, < 2.5 um";"('air', 'urban air close to ground')";"CN-SX";0.000449
"Particulates, < 2.5 um";"('air', 'urban air close to ground')";"CA-PE";2.65e-05
"Particulates, < 2.5 um";"('air', 'urban air close to ground')";"SI";0.000365
"Particulates, < 2.5 um";"('air', 'urban air close to ground')";"US-ASCC";9.06e-06
"Particulates, < 2.5 um";"('air', 'urban air close to ground')";"CZ";0.000392
"Particulates, < 2.5 um";"('air', 'urban air close to ground')";"CA-ON";4.43e-05
"Particulates, < 2.5 um";"('air', 'urban air close to ground')";"CN-HE";0.000677
"Particulates, < 2.5 um";"('air', 'urban air close to ground')";"BG";0.000309
"Particulates, < 2.5 um";"('air', 'urban air close to ground')";"BR-South-eastern grid";0.000279
"Particulates, < 2.5 um";"('air', 'urban air close to ground')";"BR-Northern grid";2.18e-05
"Particulates, < 2.5 um";"('air', 'urban air close to ground')";"CA-YK";2.54e-06
"Particulates, < 2.5 um";"('air', 'urban air close to ground')";"NP";0.000325
"Particulates, < 2.5 um";"('air', 'urban air close to ground')";"PT";0.000318
"Particulates, < 2.5 um";"('air', 'urban air close to ground')";"CN-GD";0.000883
"Particulates, < 2.5 um";"('air', 'urban air close to ground')";"FI";5.25e-05
"Particulates, < 2.5 um";"('air', 'urban air close to ground')";"IN";0.000664
"Particulates, < 2.5 um";"('air', 'urban air close to ground')";"IN-TN";0.001145
"Particulates, < 2.5 um";"('air', 'urban air close to ground')";"PE";0.000108
"Particulates, < 2.5 um";"('air', 'urban air close to ground')";"DZ";6.49e-05
"Particulates, < 2.5 um";"('air', 'urban air close to ground')";"LV";0.000124
"Particulates, < 2.5 um";"('air', 'urban air close to ground')";"AU";7.98e-06
"Particulates, < 2.5 um";"('air', 'urban air close to ground')";"CA-MB";9.29e-06
"Particulates, < 2.5 um";"('air', 'urban air close to ground')";"SK";0.000346
"Particulates, < 2.5 um";"('air', 'urban air close to ground')";"CN-HL";0.00012
"Particulates, < 2.5 um";"('air', 'urban air close to ground')";"JP";0.000476
"Particulates, < 2.5 um";"('air', 'urban air close to ground')";"BR-Mid-western grid";4.75e-05
"Particulates, < 2.5 um";"('air', 'urban air close to ground')";"WEU";0.000511
"Particulates, < 2.5 um";"('air', 'urban air close to ground')";"US-MRO";6.73e-05
"Particulates, < 2.5 um";"('air', 'urban air close to ground')";"CN-JX";0.000507
"Particulates, < 2.5 um";"('air', 'urban air close to ground')";"MT";0.000503
"Particulates, < 2.5 um";"('air', 'urban air close to ground')";"CN-ZJ";0.000627
"Particulates, < 2.5 um";"('air', 'urban air close to ground')";"CN-HA";0.000486
"Particulates, < 2.5 um";"('air', 'urban air close to ground')";"ID";0.000283
"Particulates, < 2.5 um";"('air', 'urban air close to ground')";"AR";5.13e-05
"Particulates, < 2.5 um";"('air', 'urban air close to ground')";"RS";0.000328
"Particulates, < 2.5 um";"('air', 'urban air close to ground')";"SE";5.79e-05
"Particulates, < 2.5 um";"('air', 'urban air close to ground')";"US";0.000112
"Particulates, < 2.5 um";"('air', 'urban air close to ground')";"CN-JS";0.000606
"Particulates, < 2.5 um";"('air', 'urban air close to ground')";"CN";0.000211
"Particulates, < 2.5 um";"('air', 'urban air close to ground')";"CN-GZ";0.000485
"Particulates, < 2.5 um";"('air', 'urban air close to ground')";"CA-AB";2.47e-05
"Particulates, < 2.5 um";"('air', 'urban air close to ground')";"TZ";0.000231
"Particulates, < 2.5 um";"('air', 'urban air close to ground')";"GLO";3.29e-05
"Particulates, < 2.5 um";"('air', 'urban air close to ground')";"CN-SC";0.00031
"Particulates, < 2.5 um";"('air', 'urban air close to ground')";"HR";0.000235
"Particulates, < 2.5 um";"('air', 'urban air close to ground')";"CL";3.51e-05
"Particulates, < 2.5 um";"('air', 'urban air close to ground')";"CN-JL";0.000165
"Particulates, < 2.5 um";"('air', 'urban air close to ground')";"CA-NB";3.3e-05
"Particulates, < 2.5 um";"('air', 'urban air close to ground')";"BE";0.000943
"Particulates, < 2.5 um";"('air', 'urban air close to ground')";"CN-GS";0.000161
"Particulates, < 2.5 um";"('air', 'urban air close to ground')";"PH";0.000691
"Particulates, < 2.5 um";"('air', 'urban air close to ground')";"FR";0.000387
"Particulates, < 2.5 um";"('air', 'urban air close to ground')";"UA";0.000226
"Particulates, < 2.5 um";"('air', 'urban air close to ground')";"CN-XJ";5.13e-05
"Particulates, < 2.5 um";"('air', 'urban air close to ground')";"CN-TJ";0.000717
"Particulates, < 2.5 um";"('air', 'urban air close to ground')";"US-TRE";0.000164
"Particulates, < 2.5 um";"('air', 'urban air close to ground')";"CY";0.000243
"Particulates, < 2.5 um";"('air', 'low population density, long-term')";"RER";0.000177
"Particulates, < 2.5 um";"('air', 'low population density, long-term')";"DE";0.000633
"Particulates, < 2.5 um";"('air', 'low population density, long-term')";"CN-NM";7.83e-05
"Particulates, < 2.5 um";"('air', 'low population density, long-term')";"CH";0.000642
"Particulates, < 2.5 um";"('air', 'low population density, long-term')";"US";0.000112
"Particulates, < 2.5 um";"('air', 'low population density, long-term')";"CN";0.000211
"Particulates, < 2.5 um";"('air', 'low population density, long-term')";"CA-AB";2.47e-05
"Particulates, < 2.5 um";"('air', 'low population density, long-term')";"RNA";4.16e-05
"Particulates, < 2.5 um";"('air', 'low population density, long-term')";"RoW";3.29e-05
"Particulates, < 2.5 um";"('air', 'low population density, long-term')";"CN-SC";0.00031
"Particulates, < 2.5 um";"('air', 'low population density, long-term')";"BR";7.45e-05
"Particulates, < 2.5 um";"('air', 'low population density, long-term')";"GLO";3.29e-05
"Particulates, < 2.5 um";"('air', 'non-urban air or from high stacks')";"BR-BA";5.07e-05
"Particulates, < 2.5 um";"('air', 'non-urban air or from high stacks')";"CA-BC";1.33e-05
"Particulates, < 2.5 um";"('air', 'non-urban air or from high stacks')";"CA-NF";3.72e-06
"Particulates, < 2.5 um";"('air', 'non-urban air or from high stacks')";"MA";0.000176
"Particulates, < 2.5 um";"('air', 'non-urban air or from high stacks')";"US-NPCC";0.00031
"Particulates, < 2.5 um";"('air', 'non-urban air or from high stacks')";"IE";0.000125
"Particulates, < 2.5 um";"('air', 'non-urban air or from high stacks')";"BR-PI";4.58e-05
"Particulates, < 2.5 um";"('air', 'non-urban air or from high stacks')";"RO";0.000306
"Particulates, < 2.5 um";"('air', 'non-urban air or from high stacks')";"CN-LN";0.000274
"Particulates, < 2.5 um";"('air', 'non-urban air or from high stacks')";"BR-AM";1.61e-05
"Particulates, < 2.5 um";"('air', 'non-urban air or from high stacks')";"ZM";7.5e-05
"Particulates, < 2.5 um";"('air', 'non-urban air or from high stacks')";"IN-CT";0.000383
"Particulates, < 2.5 um";"('air', 'non-urban air or from high stacks')";"BR-Southern grid";0.000161
"Particulates, < 2.5 um";"('air', 'non-urban air or from high stacks')";"IN-OR";0.000548
"Particulates, < 2.5 um";"('air', 'non-urban air or from high stacks')";"IN-GA";0.000539
"Particulates, < 2.5 um";"('air', 'non-urban air or from high stacks')";"IN-KL";0.00166
"Particulates, < 2.5 um";"('air', 'non-urban air or from high stacks')";"BR-MG";0.000181
"Particulates, < 2.5 um";"('air', 'non-urban air or from high stacks')";"MK";0.000376
"Particulates, < 2.5 um";"('air', 'non-urban air or from high stacks')";"RU";2.63e-05
"Particulates, < 2.5 um";"('air', 'non-urban air or from high stacks')";"IT";0.000429
"Particulates, < 2.5 um";"('air', 'non-urban air or from high stacks')";"MX";0.000252
"Particulates, < 2.5 um";"('air', 'non-urban air or from high stacks')";"CN-NM";7.83e-05
"Particulates, < 2.5 um";"('air', 'non-urban air or from high stacks')";"Europe without Switzerland";0.000177
"Particulates, < 2.5 um";"('air', 'non-urban air or from high stacks')";"CN-SD";0.000521
"Particulates, < 2.5 um";"('air', 'non-urban air or from high stacks')";"CN-HB";0.000423
"Particulates, < 2.5 um";"('air', 'non-urban air or from high stacks')";"CO";0.000216
"Particulates, < 2.5 um";"('air', 'non-urban air or from high stacks')";"ZA";9.26e-05
"Particulates, < 2.5 um";"('air', 'non-urban air or from high stacks')";"CN-SH";0.000889
"Particulates, < 2.5 um";"('air', 'non-urban air or from high stacks')";"HN";0.000319
"Particulates, < 2.5 um";"('air', 'non-urban air or from high stacks')";"CH";0.000642
"Particulates, < 2.5 um";"('air', 'non-urban air or from high stacks')";"SA";6.13e-05
"Particulates, < 2.5 um";"('air', 'non-urban air or from high stacks')";"EE";0.000131
"Particulates, < 2.5 um";"('air', 'non-urban air or from high stacks')";"BR-CE";0.000101
"Particulates, < 2.5 um";"('air', 'non-urban air or from high stacks')";"KZ";2.99e-05
"Particulates, < 2.5 um";"('air', 'non-urban air or from high stacks')";"TH";0.000257
"Particulates, < 2.5 um";"('air', 'non-urban air or from high stacks')";"BR-PR";0.000197
"Particulates, < 2.5 um";"('air', 'non-urban air or from high stacks')";"BR-TO";3.15e-05
"Particulates, < 2.5 um";"('air', 'non-urban air or from high stacks')";"NO";2.06e-05
"Particulates, < 2.5 um";"('air', 'non-urban air or from high stacks')";"IN-MH";0.00056
"Particulates, < 2.5 um";"('air', 'non-urban air or from high stacks')";"DK";0.000271
"Particulates, < 2.5 um";"('air', 'non-urban air or from high stacks')";"KR";0.000483
"Particulates, < 2.5 um";"('air', 'non-urban air or from high stacks')";"CN-HN";0.000445
"Particulates, < 2.5 um";"('air', 'non-urban air or from high stacks')";"CA-NS";3.05e-05
"Particulates, < 2.5 um";"('air', 'non-urban air or from high stacks')";"TW";0.000972
"Particulates, < 2.5 um";"('air', 'non-urban air or from high stacks')";"ES";0.000298
"Particulates, < 2.5 um";"('air', 'non-urban air or from high stacks')";"CN-HU";0.000416
"Particulates, < 2.5 um";"('air', 'non-urban air or from high stacks')";"BR-North-eastern grid";7.03e-05
"Particulates, < 2.5 um";"('air', 'non-urban air or from high stacks')";"LT";0.00016
"Particulates, < 2.5 um";"('air', 'non-urban air or from high stacks')";"BA";0.000252
"Particulates, < 2.5 um";"('air', 'non-urban air or from high stacks')";"CN-SX";0.000449
"Particulates, < 2.5 um";"('air', 'non-urban air or from high stacks')";"CN-CQ";0.000684
"Particulates, < 2.5 um";"('air', 'non-urban air or from high stacks')";"CA-PE";2.65e-05
"Particulates, < 2.5 um";"('air', 'non-urban air or from high stacks')";"CA-ON";4.43e-05
"Particulates, < 2.5 um";"('air', 'non-urban air or from high stacks')";"IN-MP";0.000453
"Particulates, < 2.5 um";"('air', 'non-urban air or from high stacks')";"CN-HE";0.000677
"Particulates, < 2.5 um";"('air', 'non-urban air or from high stacks')";"BR-South-eastern grid";0.000279
"Particulates, < 2.5 um";"('air', 'non-urban air or from high stacks')";"BG";0.000309
"Particulates, < 2.5 um";"('air', 'non-urban air or from high stacks')";"PT";0.000318
"Particulates, < 2.5 um";"('air', 'non-urban air or from high stacks')";"IN";0.000664
"Particulates, < 2.5 um";"('air', 'non-urban air or from high stacks')";"IN-TN";0.001145
"Particulates, < 2.5 um";"('air', 'non-urban air or from high stacks')";"BR-SP";0.000439
"Particulates, < 2.5 um";"('air', 'non-urban air or from high stacks')";"PE";0.000108
"Particulates, < 2.5 um";"('air', 'non-urban air or from high stacks')";"BR-AP";8.13e-06
"Particulates, < 2.5 um";"('air', 'non-urban air or from high stacks')";"BR-MS";4.13e-05
"Particulates, < 2.5 um";"('air', 'non-urban air or from high stacks')";"CM";0.000203
"Particulates, < 2.5 um";"('air', 'non-urban air or from high stacks')";"SK";0.000346
"Particulates, < 2.5 um";"('air', 'non-urban air or from high stacks')";"EC";0.000306
"Particulates, < 2.5 um";"('air', 'non-urban air or from high stacks')";"JP";0.000476
"Particulates, < 2.5 um";"('air', 'non-urban air or from high stacks')";"BR-Mid-western grid";4.75e-05
"Particulates, < 2.5 um";"('air', 'non-urban air or from high stacks')";"CN-JX";0.000507
"Particulates, < 2.5 um";"('air', 'non-urban air or from high stacks')";"US-MRO";6.73e-05
"Particulates, < 2.5 um";"('air', 'non-urban air or from high stacks')";"IN-JH";0.000868
"Particulates, < 2.5 um";"('air', 'non-urban air or from high stacks')";"CN-HA";0.000486
"Particulates, < 2.5 um";"('air', 'non-urban air or from high stacks')";"AR";5.13e-05
"Particulates, < 2.5 um";"('air', 'non-urban air or from high stacks')";"ID";0.000283
"Particulates, < 2.5 um";"('air', 'non-urban air or from high stacks')";"CN-JS";0.000606
"Particulates, < 2.5 um";"('air', 'non-urban air or from high stacks')";"BR-RR";1.21e-05
"Particulates, < 2.5 um";"('air', 'non-urban air or from high stacks')";"TZ";0.000231
"Particulates, < 2.5 um";"('air', 'non-urban air or from high stacks')";"IN-UP";0.000913
"Particulates, < 2.5 um";"('air', 'non-urban air or from high stacks')";"GLO";3.29e-05
"Particulates, < 2.5 um";"('air', 'non-urban air or from high stacks')";"IN-AS";0.000904
"Particulates, < 2.5 um";"('air', 'non-urban air or from high stacks')";"CN-JL";0.000165
"Particulates, < 2.5 um";"('air', 'non-urban air or from high stacks')";"CA-NB";3.3e-05
"Particulates, < 2.5 um";"('air', 'non-urban air or from high stacks')";"BE";0.000943
"Particulates, < 2.5 um";"('air', 'non-urban air or from high stacks')";"IN-PY";0.00103
"Particulates, < 2.5 um";"('air', 'non-urban air or from high stacks')";"PH";0.000691
"Particulates, < 2.5 um";"('air', 'non-urban air or from high stacks')";"IN-DL";0.00161
"Particulates, < 2.5 um";"('air', 'non-urban air or from high stacks')";"UA";0.000226
"Particulates, < 2.5 um";"('air', 'non-urban air or from high stacks')";"CN-XJ";5.13e-05
"Particulates, < 2.5 um";"('air', 'non-urban air or from high stacks')";"CN-TJ";0.000717
"Particulates, < 2.5 um";"('air', 'non-urban air or from high stacks')";"BR-DF";0.000939
"Particulates, < 2.5 um";"('air', 'non-urban air or from high stacks')";"IN-HR";0.000946
"Particulates, < 2.5 um";"('air', 'non-urban air or from high stacks')";"RER";0.000177
"Particulates, < 2.5 um";"('air', 'non-urban air or from high stacks')";"LU";0.000621
"Particulates, < 2.5 um";"('air', 'non-urban air or from high stacks')";"BR-RS";0.000122
"Particulates, < 2.5 um";"('air', 'non-urban air or from high stacks')";"CN-YN";0.00037
"Particulates, < 2.5 um";"('air', 'non-urban air or from high stacks')";"CN-BJ";0.000666
"Particulates, < 2.5 um";"('air', 'non-urban air or from high stacks')";"IR";0.000169
"Particulates, < 2.5 um";"('air', 'non-urban air or from high stacks')";"CA";1.06e-05
"Particulates, < 2.5 um";"('air', 'non-urban air or from high stacks')";"IN-PB";0.001064
"Particulates, < 2.5 um";"('air', 'non-urban air or from high stacks')";"CN-GX";0.000361
"Particulates, < 2.5 um";"('air', 'non-urban air or from high stacks')";"RNA";4.16e-05
"Particulates, < 2.5 um";"('air', 'non-urban air or from high stacks')";"BR-ES";0.000205
"Particulates, < 2.5 um";"('air', 'non-urban air or from high stacks')";"CA-QC";1.61e-05
"Particulates, < 2.5 um";"('air', 'non-urban air or from high stacks')";"BR-GO";0.000108
"Particulates, < 2.5 um";"('air', 'non-urban air or from high stacks')";"BR";7.45e-05
"Particulates, < 2.5 um";"('air', 'non-urban air or from high stacks')";"US-WECC";9.29e-05
"Particulates, < 2.5 um";"('air', 'non-urban air or from high stacks')";"TR";0.00033
"Particulates, < 2.5 um";"('air', 'non-urban air or from high stacks')";"CD";0.000121
"Particulates, < 2.5 um";"('air', 'non-urban air or from high stacks')";"US-HICC";3.38e-05
"Particulates, < 2.5 um";"('air', 'non-urban air or from high stacks')";"CN-FJ";0.000559
"Particulates, < 2.5 um";"('air', 'non-urban air or from high stacks')";"BR-SE";0.000137
"Particulates, < 2.5 um";"('air', 'non-urban air or from high stacks')";"CN-XZ";1.37e-05
"Particulates, < 2.5 um";"('air', 'non-urban air or from high stacks')";"IN-GJ";0.000578
"Particulates, < 2.5 um";"('air', 'non-urban air or from high stacks')";"Canada without Quebec";9.86e-06
"Particulates, < 2.5 um";"('air', 'non-urban air or from high stacks')";"BR-RO";3.28e-05
"Particulates, < 2.5 um";"('air', 'non-urban air or from high stacks')";"GB";0.00054
"Particulates, < 2.5 um";"('air', 'non-urban air or from high stacks')";"US-RFC";0.000296
"Particulates, < 2.5 um";"('air', 'non-urban air or from high stacks')";"VN";0.000566
"Particulates, < 2.5 um";"('air', 'non-urban air or from high stacks')";"BR-MT";2.11e-05
"Particulates, < 2.5 um";"('air', 'non-urban air or from high stacks')";"NL";0.000867
"Particulates, < 2.5 um";"('air', 'non-urban air or from high stacks')";"US-SERC";0.000231
"Particulates, < 2.5 um";"('air', 'non-urban air or from high stacks')";"RW";0.001134
"Particulates, < 2.5 um";"('air', 'non-urban air or from high stacks')";"GR";0.000193
"Particulates, < 2.5 um";"('air', 'non-urban air or from high stacks')";"CA-NT";2.52e-06
"Particulates, < 2.5 um";"('air', 'non-urban air or from high stacks')";"CN-SA";0.000364
"Particulates, < 2.5 um";"('air', 'non-urban air or from high stacks')";"MY";0.000231
"Particulates, < 2.5 um";"('air', 'non-urban air or from high stacks')";"CA-SK";9.56e-06
"Particulates, < 2.5 um";"('air', 'non-urban air or from high stacks')";"AT";0.000337
"Particulates, < 2.5 um";"('air', 'non-urban air or from high stacks')";"GH";0.000464
"Particulates, < 2.5 um";"('air', 'non-urban air or from high stacks')";"HU";0.000306
"Particulates, < 2.5 um";"('air', 'non-urban air or from high stacks')";"BR-AC";2.79e-05
"Particulates, < 2.5 um";"('air', 'non-urban air or from high stacks')";"DE";0.000633
"Particulates, < 2.5 um";"('air', 'non-urban air or from high stacks')";"KE";0.000294
"Particulates, < 2.5 um";"('air', 'non-urban air or from high stacks')";"CI";0.00031
"Particulates, < 2.5 um";"('air', 'non-urban air or from high stacks')";"IN-KA";0.000769
"Particulates, < 2.5 um";"('air', 'non-urban air or from high stacks')";"CN-NX";0.000287
"Particulates, < 2.5 um";"('air', 'non-urban air or from high stacks')";"CN-QH";3.33e-05
"Particulates, < 2.5 um";"('air', 'non-urban air or from high stacks')";"CN-AH";0.000492
"Particulates, < 2.5 um";"('air', 'non-urban air or from high stacks')";"PL";0.00028
"Particulates, < 2.5 um";"('air', 'non-urban air or from high stacks')";"RoW";3.29e-05
"Particulates, < 2.5 um";"('air', 'non-urban air or from high stacks')";"SI";0.000365
"Particulates, < 2.5 um";"('air', 'non-urban air or from high stacks')";"US-ASCC";9.06e-06
"Particulates, < 2.5 um";"('air', 'non-urban air or from high stacks')";"CZ";0.000392
"Particulates, < 2.5 um";"('air', 'non-urban air or from high stacks')";"BR-Northern grid";2.18e-05
"Particulates, < 2.5 um";"('air', 'non-urban air or from high stacks')";"CN-GD";0.000883
"Particulates, < 2.5 um";"('air', 'non-urban air or from high stacks')";"FI";5.25e-05
"Particulates, < 2.5 um";"('air', 'non-urban air or from high stacks')";"BR-MA";6.66e-05
"Particulates, < 2.5 um";"('air', 'non-urban air or from high stacks')";"LV";0.000124
"Particulates, < 2.5 um";"('air', 'non-urban air or from high stacks')";"AU";7.98e-06
"Particulates, < 2.5 um";"('air', 'non-urban air or from high stacks')";"IN-WB";0.00161
"Particulates, < 2.5 um";"('air', 'non-urban air or from high stacks')";"CA-MB";9.29e-06
"Particulates, < 2.5 um";"('air', 'non-urban air or from high stacks')";"CN-HL";0.00012
"Particulates, < 2.5 um";"('air', 'non-urban air or from high stacks')";"CN-ZJ";0.000627
"Particulates, < 2.5 um";"('air', 'non-urban air or from high stacks')";"MT";0.000503
"Particulates, < 2.5 um";"('air', 'non-urban air or from high stacks')";"RS";0.000328
"Particulates, < 2.5 um";"('air', 'non-urban air or from high stacks')";"SE";5.79e-05
"Particulates, < 2.5 um";"('air', 'non-urban air or from high stacks')";"IN-TR";0.000845
"Particulates, < 2.5 um";"('air', 'non-urban air or from high stacks')";"US";0.000112
"Particulates, < 2.5 um";"('air', 'non-urban air or from high stacks')";"CN";0.000211
"Particulates, < 2.5 um";"('air', 'non-urban air or from high stacks')";"CN-GZ";0.000485
"Particulates, < 2.5 um";"('air', 'non-urban air or from high stacks')";"CA-AB";2.47e-05
"Particulates, < 2.5 um";"('air', 'non-urban air or from high stacks')";"CN-SC";0.00031
"Particulates, < 2.5 um";"('air', 'non-urban air or from high stacks')";"HR";0.000235
"Particulates, < 2.5 um";"('air', 'non-urban air or from high stacks')";"IN-RJ";0.000447
"Particulates, < 2.5 um";"('air', 'non-urban air or from high stacks')";"IN-BR";0.001408
"Particulates, < 2.5 um";"('air', 'non-urban air or from high stacks')";"CL";3.51e-05
"Particulates, < 2.5 um";"('air', 'non-urban air or from high stacks')";"CN-GS";0.000161
"Particulates, < 2.5 um";"('air', 'non-urban air or from high stacks')";"IN-AP";0.000617
"Particulates, < 2.5 um";"('air', 'non-urban air or from high stacks')";"FR";0.000387
"Particulates, < 2.5 um";"('air', 'non-urban air or from high stacks')";"BR-PA";2.7e-05
"Particulates, < 2.5 um";"('air', 'non-urban air or from high stacks')";"US-TRE";0.000164
"Particulates, < 2.5 um";"('air', 'non-urban air or from high stacks')";"CY";0.000243
"Particulates, < 2.5 um";"('air', 'lower stratosphere + upper troposphere')";"RER";0
"Particulates, < 2.5 um";"('air', 'lower stratosphere + upper troposphere')";"DE";0
"Particulates, < 2.5 um";"('air', 'lower stratosphere + upper troposphere')";"CH";0
"Particulates, < 2.5 um";"('air', 'lower stratosphere + upper troposphere')";"US";0
"Particulates, < 2.5 um";"('air', 'lower stratosphere + upper troposphere')";"CN";0
"Particulates, < 2.5 um";"('air', 'lower stratosphere + upper troposphere')";"RNA";0
"Particulates, < 2.5 um";"('air', 'lower stratosphere + upper troposphere')";"RoW";0
"Particulates, < 2.5 um";"('air', 'lower stratosphere + upper troposphere')";"GLO";0
"Sulfur dioxide";"('air', 'urban air close to ground')";"CA-BC";1.78e-06
"Sulfur dioxide";"('air', 'urban air close to ground')";"IS";1.08e-06
"Sulfur dioxide";"('air', 'urban air close to ground')";"CA-NF";8.21e-07
"Sulfur dioxide";"('air', 'urban air close to ground')";"US-NPCC";2.87e-05
"Sulfur dioxide";"('air', 'urban air close to ground')";"IE";1.38e-05
"Sulfur dioxide";"('air', 'urban air close to ground')";"RO";2.95e-05
"Sulfur dioxide";"('air', 'urban air close to ground')";"CN-LN";2e-05
"Sulfur dioxide";"('air', 'urban air close to ground')";"BR-Southern grid";1.45e-05
"Sulfur dioxide";"('air', 'urban air close to ground')";"IN-KL";9.32e-05
"Sulfur dioxide";"('air', 'urban air close to ground')";"MK";3.14e-05
"Sulfur dioxide";"('air', 'urban air close to ground')";"RLA";8.93e-06
"Sulfur dioxide";"('air', 'urban air close to ground')";"RU";3.22e-06
"Sulfur dioxide";"('air', 'urban air close to ground')";"IT";3.73e-05
"Sulfur dioxide";"('air', 'urban air close to ground')";"MX";1.83e-05
"Sulfur dioxide";"('air', 'urban air close to ground')";"CN-NM";6.51e-06
"Sulfur dioxide";"('air', 'urban air close to ground')";"Europe without Switzerland";1.83e-05
"Sulfur dioxide";"('air', 'urban air close to ground')";"CN-HB";3.15e-05
"Sulfur dioxide";"('air', 'urban air close to ground')";"CN-SD";3.83e-05
"Sulfur dioxide";"('air', 'urban air close to ground')";"CO";1.81e-05
"Sulfur dioxide";"('air', 'urban air close to ground')";"ZA";7.14e-06
"Sulfur dioxide";"('air', 'urban air close to ground')";"CN-SH";6.36e-05
"Sulfur dioxide";"('air', 'urban air close to ground')";"CH";6.56e-05
"Sulfur dioxide";"('air', 'urban air close to ground')";"SA";4.12e-06
"Sulfur dioxide";"('air', 'urban air close to ground')";"EE";1.75e-05
"Sulfur dioxide";"('air', 'urban air close to ground')";"NO";2.58e-06
"Sulfur dioxide";"('air', 'urban air close to ground')";"TH";2.09e-05
"Sulfur dioxide";"('air', 'urban air close to ground')";"DK";2.74e-05
"Sulfur dioxide";"('air', 'urban air close to ground')";"KR";3.79e-05
"Sulfur dioxide";"('air', 'urban air close to ground')";"CN-HN";4.03e-05
"Sulfur dioxide";"('air', 'urban air close to ground')";"CA-NS";2.97e-06
"Sulfur dioxide";"('air', 'urban air close to ground')";"TW";6.55e-05
"Sulfur dioxide";"('air', 'urban air close to ground')";"ES";2.58e-05
"Sulfur dioxide";"('air', 'urban air close to ground')";"CN-HU";3.76e-05
"Sulfur dioxide";"('air', 'urban air close to ground')";"BR-North-eastern grid";6.66e-06
"Sulfur dioxide";"('air', 'urban air close to ground')";"LT";1.74e-05
"Sulfur dioxide";"('air', 'urban air close to ground')";"BA";2.14e-05
"Sulfur dioxide";"('air', 'urban air close to ground')";"CN-CQ";6.51e-05
"Sulfur dioxide";"('air', 'urban air close to ground')";"CN-SX";3.42e-05
"Sulfur dioxide";"('air', 'urban air close to ground')";"CA-PE";2.75e-06
"Sulfur dioxide";"('air', 'urban air close to ground')";"CA-ON";4.97e-06
"Sulfur dioxide";"('air', 'urban air close to ground')";"CN-HE";5.18e-05
"Sulfur dioxide";"('air', 'urban air close to ground')";"BG";2.67e-05
"Sulfur dioxide";"('air', 'urban air close to ground')";"BR-South-eastern grid";2.83e-05
"Sulfur dioxide";"('air', 'urban air close to ground')";"PT";2.42e-05
"Sulfur dioxide";"('air', 'urban air close to ground')";"IN";4.61e-05
"Sulfur dioxide";"('air', 'urban air close to ground')";"IN-TN";7.61e-05
"Sulfur dioxide";"('air', 'urban air close to ground')";"PE";8.36e-06
"Sulfur dioxide";"('air', 'urban air close to ground')";"SK";3.7e-05
"Sulfur dioxide";"('air', 'urban air close to ground')";"JP";4.57e-05
"Sulfur dioxide";"('air', 'urban air close to ground')";"BR-Mid-western grid";4.82e-06
"Sulfur dioxide";"('air', 'urban air close to ground')";"WEU";5.43e-05
"Sulfur dioxide";"('air', 'urban air close to ground')";"US-MRO";6.43e-06
"Sulfur dioxide";"('air', 'urban air close to ground')";"CN-JX";4.48e-05
"Sulfur dioxide";"('air', 'urban air close to ground')";"CN-HA";3.02e-05
"Sulfur dioxide";"('air', 'urban air close to ground')";"ID";2.15e-05
"Sulfur dioxide";"('air', 'urban air close to ground')";"AR";4.23e-06
"Sulfur dioxide";"('air', 'urban air close to ground')";"CN-JS";5.08e-05
"Sulfur dioxide";"('air', 'urban air close to ground')";"TZ";2.09e-05
"Sulfur dioxide";"('air', 'urban air close to ground')";"GLO";3.17e-06
"Sulfur dioxide";"('air', 'urban air close to ground')";"CN-JL";1.35e-05
"Sulfur dioxide";"('air', 'urban air close to ground')";"CA-NB";3.42e-06
"Sulfur dioxide";"('air', 'urban air close to ground')";"BE";0.00011
"Sulfur dioxide";"('air', 'urban air close to ground')";"PH";4.7e-05
"Sulfur dioxide";"('air', 'urban air close to ground')";"UA";2.19e-05
"Sulfur dioxide";"('air', 'urban air close to ground')";"CN-XJ";3.77e-06
"Sulfur dioxide";"('air', 'urban air close to ground')";"CN-TJ";4.31e-05
"Sulfur dioxide";"('air', 'urban air close to ground')";"RER";1.84e-05
"Sulfur dioxide";"('air', 'urban air close to ground')";"LU";7.82e-05
"Sulfur dioxide";"('air', 'urban air close to ground')";"CN-YN";3.4e-05
"Sulfur dioxide";"('air', 'urban air close to ground')";"CN-BJ";3.9e-05
"Sulfur dioxide";"('air', 'urban air close to ground')";"IR";1.17e-05
"Sulfur dioxide";"('air', 'urban air close to ground')";"CN-GX";3.3e-05
"Sulfur dioxide";"('air', 'urban air close to ground')";"RNA";3.97e-06
"Sulfur dioxide";"('air', 'urban air close to ground')";"CA-QC";2.02e-06
"Sulfur dioxide";"('air', 'urban air close to ground')";"BR";7.45e-06
"Sulfur dioxide";"('air', 'urban air close to ground')";"US-WECC";7.4e-06
"Sulfur dioxide";"('air', 'urban air close to ground')";"TR";2.7e-05
"Sulfur dioxide";"('air', 'urban air close to ground')";"US-HICC";1.99e-06
"Sulfur dioxide";"('air', 'urban air close to ground')";"CN-FJ";5.1e-05
"Sulfur dioxide";"('air', 'urban air close to ground')";"CN-XZ";1.76e-06
"Sulfur dioxide";"('air', 'urban air close to ground')";"GB";5.49e-05
"Sulfur dioxide";"('air', 'urban air close to ground')";"RER w/o CH+DE";1.66e-05
"Sulfur dioxide";"('air', 'urban air close to ground')";"US-RFC";2.84e-05
"Sulfur dioxide";"('air', 'urban air close to ground')";"NL";8.55e-05
"Sulfur dioxide";"('air', 'urban air close to ground')";"GR";1.41e-05
"Sulfur dioxide";"('air', 'urban air close to ground')";"US-SERC";1.93e-05
"Sulfur dioxide";"('air', 'urban air close to ground')";"CA-NT";6.72e-07
"Sulfur dioxide";"('air', 'urban air close to ground')";"MY";1.96e-05
"Sulfur dioxide";"('air', 'urban air close to ground')";"CN-SA";2.9e-05
"Sulfur dioxide";"('air', 'urban air close to ground')";"CA-SK";1.32e-06
"Sulfur dioxide";"('air', 'urban air close to ground')";"AT";3.74e-05
"Sulfur dioxide";"('air', 'urban air close to ground')";"GH";3.62e-05
"Sulfur dioxide";"('air', 'urban air close to ground')";"CA-NU";6.67e-07
"Sulfur dioxide";"('air', 'urban air close to ground')";"HU";3.15e-05
"Sulfur dioxide";"('air', 'urban air close to ground')";"DE";6.7e-05
"Sulfur dioxide";"('air', 'urban air close to ground')";"IN-KA";5.38e-05
"Sulfur dioxide";"('air', 'urban air close to ground')";"CN-NX";1.69e-05
"Sulfur dioxide";"('air', 'urban air close to ground')";"CN-QH";3.12e-06
"Sulfur dioxide";"('air', 'urban air close to ground')";"CN-AH";4.36e-05
"Sulfur dioxide";"('air', 'urban air close to ground')";"PL";2.99e-05
"Sulfur dioxide";"('air', 'urban air close to ground')";"RoW";3.17e-06
"Sulfur dioxide";"('air', 'urban air close to ground')";"SI";3.2e-05
"Sulfur dioxide";"('air', 'urban air close to ground')";"US-ASCC";1.14e-06
"Sulfur dioxide";"('air', 'urban air close to ground')";"CZ";4.46e-05
"Sulfur dioxide";"('air', 'urban air close to ground')";"BR-Northern grid";2.46e-06
"Sulfur dioxide";"('air', 'urban air close to ground')";"CA-YK";6.73e-07
"Sulfur dioxide";"('air', 'urban air close to ground')";"NP";2.56e-05
"Sulfur dioxide";"('air', 'urban air close to ground')";"CN-GD";7.45e-05
"Sulfur dioxide";"('air', 'urban air close to ground')";"FI";6.61e-06
"Sulfur dioxide";"('air', 'urban air close to ground')";"DZ";4.76e-06
"Sulfur dioxide";"('air', 'urban air close to ground')";"LV";1.33e-05
"Sulfur dioxide";"('air', 'urban air close to ground')";"AU";1.08e-06
"Sulfur dioxide";"('air', 'urban air close to ground')";"CA-MB";1.29e-06
"Sulfur dioxide";"('air', 'urban air close to ground')";"CN-HL";9.73e-06
"Sulfur dioxide";"('air', 'urban air close to ground')";"MT";1.52e-05
"Sulfur dioxide";"('air', 'urban air close to ground')";"CN-ZJ";5.63e-05
"Sulfur dioxide";"('air', 'urban air close to ground')";"RS";2.99e-05
"Sulfur dioxide";"('air', 'urban air close to ground')";"SE";6.65e-06
"Sulfur dioxide";"('air', 'urban air close to ground')";"US";9.68e-06
"Sulfur dioxide";"('air', 'urban air close to ground')";"CN";1.78e-05
"Sulfur dioxide";"('air', 'urban air close to ground')";"CN-GZ";4.93e-05
"Sulfur dioxide";"('air', 'urban air close to ground')";"CA-AB";2.64e-06
"Sulfur dioxide";"('air', 'urban air close to ground')";"CN-SC";2.82e-05
"Sulfur dioxide";"('air', 'urban air close to ground')";"HR";2.23e-05
"Sulfur dioxide";"('air', 'urban air close to ground')";"CL";2.5e-06
"Sulfur dioxide";"('air', 'urban air close to ground')";"CN-GS";1.21e-05
"Sulfur dioxide";"('air', 'urban air close to ground')";"FR";4.11e-05
"Sulfur dioxide";"('air', 'urban air close to ground')";"US-TRE";1.23e-05
"Sulfur dioxide";"('air', 'urban air close to ground')";"CY";1.45e-05
"Sulfur dioxide";"('air', 'low population density, long-term')";"RER";1.84e-05
"Sulfur dioxide";"('air', 'low population density, long-term')";"DE";6.7e-05
"Sulfur dioxide";"('air', 'low population density, long-term')";"CN-NM";6.51e-06
"Sulfur dioxide";"('air', 'low population density, long-term')";"CH";6.56e-05
"Sulfur dioxide";"('air', 'low population density, long-term')";"GLO";3.17e-06
"Sulfur dioxide";"('air', 'low population density, long-term')";"CN-FJ";5.1e-05
"Sulfur dioxide";"('air', 'low population density, long-term')";"US";9.68e-06
"Sulfur dioxide";"('air', 'low population density, long-term')";"CN";1.78e-05
"Sulfur dioxide";"('air', 'low population density, long-term')";"ZA";7.14e-06
"Sulfur dioxide";"('air', 'low population density, long-term')";"RNA";3.97e-06
"Sulfur dioxide";"('air', 'low population density, long-term')";"RoW";3.17e-06
"Sulfur dioxide";"('air', 'low population density, long-term')";"BR";7.45e-06
"Sulfur dioxide";"('air', 'low population density, long-term')";"CN-SC";2.82e-05
"Sulfur dioxide";"('air', 'non-urban air or from high stacks')";"BR-BA";4.98e-06
"Sulfur dioxide";"('air', 'non-urban air or from high stacks')";"CA-BC";1.78e-06
"Sulfur dioxide";"('air', 'non-urban air or from high stacks')";"CA-NF";8.21e-07
"Sulfur dioxide";"('air', 'non-urban air or from high stacks')";"US-NPCC";2.87e-05
"Sulfur dioxide";"('air', 'non-urban air or from high stacks')";"IE";1.38e-05
"Sulfur dioxide";"('air', 'non-urban air or from high stacks')";"BR-PI";4.65e-06
"Sulfur dioxide";"('air', 'non-urban air or from high stacks')";"RO";2.95e-05
"Sulfur dioxide";"('air', 'non-urban air or from high stacks')";"CN-LN";2e-05
"Sulfur dioxide";"('air', 'non-urban air or from high stacks')";"BR-AM";1.99e-06
"Sulfur dioxide";"('air', 'non-urban air or from high stacks')";"IN-CT";2.91e-05
"Sulfur dioxide";"('air', 'non-urban air or from high stacks')";"BR-Southern grid";1.45e-05
"Sulfur dioxide";"('air', 'non-urban air or from high stacks')";"IN-OR";4.09e-05
"Sulfur dioxide";"('air', 'non-urban air or from high stacks')";"IN-GA";3.48e-05
"Sulfur dioxide";"('air', 'non-urban air or from high stacks')";"IN-KL";9.32e-05
"Sulfur dioxide";"('air', 'non-urban air or from high stacks')";"BR-MG";2.1e-05
"Sulfur dioxide";"('air', 'non-urban air or from high stacks')";"MK";3.14e-05
"Sulfur dioxide";"('air', 'non-urban air or from high stacks')";"RU";3.22e-06
"Sulfur dioxide";"('air', 'non-urban air or from high stacks')";"IT";3.73e-05
"Sulfur dioxide";"('air', 'non-urban air or from high stacks')";"MX";1.83e-05
"Sulfur dioxide";"('air', 'non-urban air or from high stacks')";"CN-NM";6.51e-06
"Sulfur dioxide";"('air', 'non-urban air or from high stacks')";"Europe without Switzerland";1.83e-05
"Sulfur dioxide";"('air', 'non-urban air or from high stacks')";"CN-SD";3.83e-05
"Sulfur dioxide";"('air', 'non-urban air or from high stacks')";"CN-HB";3.15e-05
"Sulfur dioxide";"('air', 'non-urban air or from high stacks')";"CO";1.81e-05
"Sulfur dioxide";"('air', 'non-urban air or from high stacks')";"ZA";7.14e-06
"Sulfur dioxide";"('air', 'non-urban air or from high stacks')";"CN-SH";6.36e-05
"Sulfur dioxide";"('air', 'non-urban air or from high stacks')";"HN";3.17e-05
"Sulfur dioxide";"('air', 'non-urban air or from high stacks')";"CH";6.56e-05
"Sulfur dioxide";"('air', 'non-urban air or from high stacks')";"SA";4.12e-06
"Sulfur dioxide";"('air', 'non-urban air or from high stacks')";"EE";1.75e-05
"Sulfur dioxide";"('air', 'non-urban air or from high stacks')";"BR-CE";8.7e-06
"Sulfur dioxide";"('air', 'non-urban air or from high stacks')";"KZ";3.13e-06
"Sulfur dioxide";"('air', 'non-urban air or from high stacks')";"TH";2.09e-05
"Sulfur dioxide";"('air', 'non-urban air or from high stacks')";"BR-PR";1.79e-05
"Sulfur dioxide";"('air', 'non-urban air or from high stacks')";"BR-TO";3.37e-06
"Sulfur dioxide";"('air', 'non-urban air or from high stacks')";"NO";2.58e-06
"Sulfur dioxide";"('air', 'non-urban air or from high stacks')";"IN-MH";3.73e-05
"Sulfur dioxide";"('air', 'non-urban air or from high stacks')";"DK";2.74e-05
"Sulfur dioxide";"('air', 'non-urban air or from high stacks')";"KR";3.79e-05
"Sulfur dioxide";"('air', 'non-urban air or from high stacks')";"CN-HN";4.03e-05
"Sulfur dioxide";"('air', 'non-urban air or from high stacks')";"CA-NS";2.97e-06
"Sulfur dioxide";"('air', 'non-urban air or from high stacks')";"TW";6.55e-05
"Sulfur dioxide";"('air', 'non-urban air or from high stacks')";"ES";2.58e-05
"Sulfur dioxide";"('air', 'non-urban air or from high stacks')";"CN-HU";3.76e-05
"Sulfur dioxide";"('air', 'non-urban air or from high stacks')";"BR-North-eastern grid";6.66e-06
"Sulfur dioxide";"('air', 'non-urban air or from high stacks')";"LT";1.74e-05
"Sulfur dioxide";"('air', 'non-urban air or from high stacks')";"BA";2.14e-05
"Sulfur dioxide";"('air', 'non-urban air or from high stacks')";"CN-SX";3.42e-05
"Sulfur dioxide";"('air', 'non-urban air or from high stacks')";"CN-CQ";6.51e-05
"Sulfur dioxide";"('air', 'non-urban air or from high stacks')";"CA-PE";2.75e-06
"Sulfur dioxide";"('air', 'non-urban air or from high stacks')";"CA-ON";4.97e-06
"Sulfur dioxide";"('air', 'non-urban air or from high stacks')";"IN-MP";3.13e-05
"Sulfur dioxide";"('air', 'non-urban air or from high stacks')";"CN-HE";5.18e-05
"Sulfur dioxide";"('air', 'non-urban air or from high stacks')";"BR-South-eastern grid";2.83e-05
"Sulfur dioxide";"('air', 'non-urban air or from high stacks')";"BG";2.67e-05
"Sulfur dioxide";"('air', 'non-urban air or from high stacks')";"PT";2.42e-05
"Sulfur dioxide";"('air', 'non-urban air or from high stacks')";"IN";4.61e-05
"Sulfur dioxide";"('air', 'non-urban air or from high stacks')";"IN-TN";7.61e-05
"Sulfur dioxide";"('air', 'non-urban air or from high stacks')";"BR-SP";4.01e-05
"Sulfur dioxide";"('air', 'non-urban air or from high stacks')";"PE";8.36e-06
"Sulfur dioxide";"('air', 'non-urban air or from high stacks')";"BR-AP";1.16e-06
"Sulfur dioxide";"('air', 'non-urban air or from high stacks')";"BR-MS";4.21e-06
"Sulfur dioxide";"('air', 'non-urban air or from high stacks')";"SK";3.7e-05
"Sulfur dioxide";"('air', 'non-urban air or from high stacks')";"EC";2.6e-05
"Sulfur dioxide";"('air', 'non-urban air or from high stacks')";"JP";4.57e-05
"Sulfur dioxide";"('air', 'non-urban air or from high stacks')";"BR-Mid-western grid";4.82e-06
"Sulfur dioxide";"('air', 'non-urban air or from high stacks')";"CN-JX";4.48e-05
"Sulfur dioxide";"('air', 'non-urban air or from high stacks')";"US-MRO";6.43e-06
"Sulfur dioxide";"('air', 'non-urban air or from high stacks')";"IN-JH";7.25e-05
"Sulfur dioxide";"('air', 'non-urban air or from high stacks')";"CN-HA";3.02e-05
"Sulfur dioxide";"('air', 'non-urban air or from high stacks')";"AR";4.23e-06
"Sulfur dioxide";"('air', 'non-urban air or from high stacks')";"ID";2.15e-05
"Sulfur dioxide";"('air', 'non-urban air or from high stacks')";"CN-JS";5.08e-05
"Sulfur dioxide";"('air', 'non-urban air or from high stacks')";"BR-RR";9.82e-07
"Sulfur dioxide";"('air', 'non-urban air or from high stacks')";"TZ";2.09e-05
"Sulfur dioxide";"('air', 'non-urban air or from high stacks')";"IN-UP";6.2e-05
"Sulfur dioxide";"('air', 'non-urban air or from high stacks')";"GLO";3.17e-06
"Sulfur dioxide";"('air', 'non-urban air or from high stacks')";"IN-AS";6.28e-05
"Sulfur dioxide";"('air', 'non-urban air or from high stacks')";"CN-JL";1.35e-05
"Sulfur dioxide";"('air', 'non-urban air or from high stacks')";"CA-NB";3.42e-06
"Sulfur dioxide";"('air', 'non-urban air or from high stacks')";"BE";0.00011
"Sulfur dioxide";"('air', 'non-urban air or from high stacks')";"IN-PY";5.99e-05
"Sulfur dioxide";"('air', 'non-urban air or from high stacks')";"PH";4.7e-05
"Sulfur dioxide";"('air', 'non-urban air or from high stacks')";"IN-DL";6.93e-05
"Sulfur dioxide";"('air', 'non-urban air or from high stacks')";"UA";2.19e-05
"Sulfur dioxide";"('air', 'non-urban air or from high stacks')";"CN-XJ";3.77e-06
"Sulfur dioxide";"('air', 'non-urban air or from high stacks')";"CN-TJ";4.31e-05
"Sulfur dioxide";"('air', 'non-urban air or from high stacks')";"BR-DF";5.19e-05
"Sulfur dioxide";"('air', 'non-urban air or from high stacks')";"IN-HR";6.31e-05
"Sulfur dioxide";"('air', 'non-urban air or from high stacks')";"RER";1.84e-05
"Sulfur dioxide";"('air', 'non-urban air or from high stacks')";"LU";7.82e-05
"Sulfur dioxide";"('air', 'non-urban air or from high stacks')";"BR-RS";1.05e-05
"Sulfur dioxide";"('air', 'non-urban air or from high stacks')";"CN-YN";3.4e-05
"Sulfur dioxide";"('air', 'non-urban air or from high stacks')";"CN-BJ";3.9e-05
"Sulfur dioxide";"('air', 'non-urban air or from high stacks')";"IR";1.17e-05
"Sulfur dioxide";"('air', 'non-urban air or from high stacks')";"CA";1.47e-06
"Sulfur dioxide";"('air', 'non-urban air or from high stacks')";"IN-PB";7.41e-05
"Sulfur dioxide";"('air', 'non-urban air or from high stacks')";"CN-GX";3.3e-05
"Sulfur dioxide";"('air', 'non-urban air or from high stacks')";"RNA";3.97e-06
"Sulfur dioxide";"('air', 'non-urban air or from high stacks')";"BR-ES";1.98e-05
"Sulfur dioxide";"('air', 'non-urban air or from high stacks')";"CA-QC";2.02e-06
"Sulfur dioxide";"('air', 'non-urban air or from high stacks')";"BR-GO";1.13e-05
"Sulfur dioxide";"('air', 'non-urban air or from high stacks')";"BR";7.45e-06
"Sulfur dioxide";"('air', 'non-urban air or from high stacks')";"US-WECC";7.4e-06
"Sulfur dioxide";"('air', 'non-urban air or from high stacks')";"TR";2.7e-05
"Sulfur dioxide";"('air', 'non-urban air or from high stacks')";"US-HICC";1.99e-06
"Sulfur dioxide";"('air', 'non-urban air or from high stacks')";"CN-FJ";5.1e-05
"Sulfur dioxide";"('air', 'non-urban air or from high stacks')";"BR-SE";1.02e-05
"Sulfur dioxide";"('air', 'non-urban air or from high stacks')";"CN-XZ";1.76e-06
"Sulfur dioxide";"('air', 'non-urban air or from high stacks')";"GB";5.49e-05
"Sulfur dioxide";"('air', 'non-urban air or from high stacks')";"Canada without Quebec";1.39e-06
"Sulfur dioxide";"('air', 'non-urban air or from high stacks')";"IN-GJ";3.57e-05
"Sulfur dioxide";"('air', 'non-urban air or from high stacks')";"BR-RO";2.99e-06
"Sulfur dioxide";"('air', 'non-urban air or from high stacks')";"US-RFC";2.84e-05
"Sulfur dioxide";"('air', 'non-urban air or from high stacks')";"VN";4.22e-05
"Sulfur dioxide";"('air', 'non-urban air or from high stacks')";"BR-MT";2.29e-06
"Sulfur dioxide";"('air', 'non-urban air or from high stacks')";"NL";8.55e-05
"Sulfur dioxide";"('air', 'non-urban air or from high stacks')";"US-SERC";1.93e-05
"Sulfur dioxide";"('air', 'non-urban air or from high stacks')";"GR";1.41e-05
"Sulfur dioxide";"('air', 'non-urban air or from high stacks')";"CA-NT";6.72e-07
"Sulfur dioxide";"('air', 'non-urban air or from high stacks')";"CN-SA";2.9e-05
"Sulfur dioxide";"('air', 'non-urban air or from high stacks')";"MY";1.96e-05
"Sulfur dioxide";"('air', 'non-urban air or from high stacks')";"CA-SK";1.32e-06
"Sulfur dioxide";"('air', 'non-urban air or from high stacks')";"AT";3.74e-05
"Sulfur dioxide";"('air', 'non-urban air or from high stacks')";"GH";3.62e-05
"Sulfur dioxide";"('air', 'non-urban air or from high stacks')";"HU";3.15e-05
"Sulfur dioxide";"('air', 'non-urban air or from high stacks')";"BR-AC";2.4e-06
"Sulfur dioxide";"('air', 'non-urban air or from high stacks')";"DE";6.7e-05
"Sulfur dioxide";"('air', 'non-urban air or from high stacks')";"KE";2.39e-05
"Sulfur dioxide";"('air', 'non-urban air or from high stacks')";"CI";2.41e-05
"Sulfur dioxide";"('air', 'non-urban air or from high stacks')";"IN-KA";5.38e-05
"Sulfur dioxide";"('air', 'non-urban air or from high stacks')";"CN-NX";1.69e-05
"Sulfur dioxide";"('air', 'non-urban air or from high stacks')";"CN-QH";3.12e-06
"Sulfur dioxide";"('air', 'non-urban air or from high stacks')";"CN-AH";4.36e-05
"Sulfur dioxide";"('air', 'non-urban air or from high stacks')";"PL";2.99e-05
"Sulfur dioxide";"('air', 'non-urban air or from high stacks')";"RoW";3.17e-06
"Sulfur dioxide";"('air', 'non-urban air or from high stacks')";"SI";3.2e-05
"Sulfur dioxide";"('air', 'non-urban air or from high stacks')";"US-ASCC";1.14e-06
"Sulfur dioxide";"('air', 'non-urban air or from high stacks')";"CZ";4.46e-05
"Sulfur dioxide";"('air', 'non-urban air or from high stacks')";"BR-Northern grid";2.46e-06
"Sulfur dioxide";"('air', 'non-urban air or from high stacks')";"CN-GD";7.45e-05
"Sulfur dioxide";"('air', 'non-urban air or from high stacks')";"FI";6.61e-06
"Sulfur dioxide";"('air', 'non-urban air or from high stacks')";"BR-MA";6.98e-06
"Sulfur dioxide";"('air', 'non-urban air or from high stacks')";"LV";1.33e-05
"Sulfur dioxide";"('air', 'non-urban air or from high stacks')";"AU";1.08e-06
"Sulfur dioxide";"('air', 'non-urban air or from high stacks')";"IN-WB";0.000109
"Sulfur dioxide";"('air', 'non-urban air or from high stacks')";"CA-MB";1.29e-06
"Sulfur dioxide";"('air', 'non-urban air or from high stacks')";"CN-HL";9.73e-06
"Sulfur dioxide";"('air', 'non-urban air or from high stacks')";"CN-ZJ";5.63e-05
"Sulfur dioxide";"('air', 'non-urban air or from high stacks')";"MT";1.52e-05
"Sulfur dioxide";"('air', 'non-urban air or from high stacks')";"RS";2.99e-05
"Sulfur dioxide";"('air', 'non-urban air or from high stacks')";"SE";6.65e-06
"Sulfur dioxide";"('air', 'non-urban air or from high stacks')";"IN-TR";7.15e-05
"Sulfur dioxide";"('air', 'non-urban air or from high stacks')";"US";9.68e-06
"Sulfur dioxide";"('air', 'non-urban air or from high stacks')";"CN";1.78e-05
"Sulfur dioxide";"('air', 'non-urban air or from high stacks')";"CN-GZ";4.93e-05
"Sulfur dioxide";"('air', 'non-urban air or from high stacks')";"CA-AB";2.64e-06
"Sulfur dioxide";"('air', 'non-urban air or from high stacks')";"CN-SC";2.82e-05
"Sulfur dioxide";"('air', 'non-urban air or from high stacks')";"HR";2.23e-05
"Sulfur dioxide";"('air', 'non-urban air or from high stacks')";"IN-RJ";2.9e-05
"Sulfur dioxide";"('air', 'non-urban air or from high stacks')";"IN-BR";0.000103
"Sulfur dioxide";"('air', 'non-urban air or from high stacks')";"CL";2.5e-06
"Sulfur dioxide";"('air', 'non-urban air or from high stacks')";"CN-GS";1.21e-05
"Sulfur dioxide";"('air', 'non-urban air or from high stacks')";"IN-AP";4.16e-05
"Sulfur dioxide";"('air', 'non-urban air or from high stacks')";"FR";4.11e-05
"Sulfur dioxide";"('air', 'non-urban air or from high stacks')";"BR-PA";3.18e-06
"Sulfur dioxide";"('air', 'non-urban air or from high stacks')";"US-TRE";1.23e-05
"Sulfur dioxide";"('air', 'non-urban air or from high stacks')";"CY";1.45e-05
"Sulfur dioxide";"('air',)";"RER";1.84e-05
"Sulfur dioxide";"('air',)";"IAI Area, Asia, without China and GCC";2.2e-05
"Sulfur dioxide";"('air',)";"CA";1.47e-06
"Sulfur dioxide";"('air',)";"IAI Area, EU27 & EFTA";2.71e-05
"Sulfur dioxide";"('air',)";"MA";1.21e-05
"Sulfur dioxide";"('air',)";"RNA";3.97e-06
"Sulfur dioxide";"('air',)";"IN";4.61e-05
"Sulfur dioxide";"('air',)";"IAI Area, Africa";2.05e-05
"Sulfur dioxide";"('air',)";"PE";8.36e-06
"Sulfur dioxide";"('air',)";"CA-QC";2.02e-06
"Sulfur dioxide";"('air',)";"BR";7.45e-06
"Sulfur dioxide";"('air',)";"UN-OCEANIA";1.2e-06
"Sulfur dioxide";"('air',)";"Europe without Switzerland and Austria";1.82e-05
"Sulfur dioxide";"('air',)";"IT";3.73e-05
"Sulfur dioxide";"('air',)";"TN";1.43e-05
"Sulfur dioxide";"('air',)";"Europe without Switzerland";1.83e-05
"Sulfur dioxide";"('air',)";"IAI Area, Russia & RER w/o EU27 & EFTA";3.26e-06
"Sulfur dioxide";"('air',)";"CO";1.81e-05
"Sulfur dioxide";"('air',)";"MY";1.96e-05
"Sulfur dioxide";"('air',)";"US";9.68e-06
"Sulfur dioxide";"('air',)";"IAI Area, Gulf Cooperation Council";5.05e-06
"Sulfur dioxide";"('air',)";"CN";1.78e-05
"Sulfur dioxide";"('air',)";"IAI Area, South America";6.64e-06
"Sulfur dioxide";"('air',)";"ZA";7.14e-06
"Sulfur dioxide";"('air',)";"AT";3.74e-05
"Sulfur dioxide";"('air',)";"CA-AB";2.64e-06
"Sulfur dioxide";"('air',)";"CH";6.56e-05
"Sulfur dioxide";"('air',)";"GLO";3.17e-06
"Sulfur dioxide";"('air',)";"DE";6.7e-05
"Sulfur dioxide";"('air',)";"BE";0.00011
"Sulfur dioxide";"('air',)";"PH";4.7e-05
"Sulfur dioxide";"('air',)";"FR";4.11e-05
"Sulfur dioxide";"('air',)";"ES";2.58e-05
"Sulfur dioxide";"('air',)";"RoW";3.17e-06
"Sulfur dioxide";"('air', 'lower stratosphere + upper troposphere')";"RER";0
"Sulfur dioxide";"('air', 'lower stratosphere + upper troposphere')";"DE";0
"Sulfur dioxide";"('air', 'lower stratosphere + upper troposphere')";"CH";0
"Sulfur dioxide";"('air', 'lower stratosphere + upper troposphere')";"US";0
"Sulfur dioxide";"('air', 'lower stratosphere + upper troposphere')";"CN";0
"Sulfur dioxide";"('air', 'lower stratosphere + upper troposphere')";"RNA";0
"Sulfur dioxide";"('air', 'lower stratosphere + upper troposphere')";"RoW";0
"Sulfur dioxide";"('air', 'lower stratosphere + upper troposphere')";"GLO";0
"Nitrogen oxides";"('air', 'urban air close to ground')";"CA-BC";1.12e-06
"Nitrogen oxides";"('air', 'urban air close to ground')";"IS";7.4e-07
"Nitrogen oxides";"('air', 'urban air close to ground')";"CA-NF";3.03e-07
"Nitrogen oxides";"('air', 'urban air close to ground')";"US-NPCC";2.14e-05
"Nitrogen oxides";"('air', 'urban air close to ground')";"IE";1.69e-05
"Nitrogen oxides";"('air', 'urban air close to ground')";"RO";2.1e-05
"Nitrogen oxides";"('air', 'urban air close to ground')";"CN-LN";1.55e-05
"Nitrogen oxides";"('air', 'urban air close to ground')";"BR-Southern grid";1.67e-05
"Nitrogen oxides";"('air', 'urban air close to ground')";"IN-KL";5.28e-05
"Nitrogen oxides";"('air', 'urban air close to ground')";"MK";2.34e-05
"Nitrogen oxides";"('air', 'urban air close to ground')";"RLA";6.89e-06
"Nitrogen oxides";"('air', 'urban air close to ground')";"RU";2.42e-06
"Nitrogen oxides";"('air', 'urban air close to ground')";"IT";3.34e-05
"Nitrogen oxides";"('air', 'urban air close to ground')";"MX";8.08e-06
"Nitrogen oxides";"('air', 'urban air close to ground')";"CN-NM";4.48e-06
"Nitrogen oxides";"('air', 'urban air close to ground')";"Europe without Switzerland";1.53e-05
"Nitrogen oxides";"('air', 'urban air close to ground')";"CN-HB";1.97e-05
"Nitrogen oxides";"('air', 'urban air close to ground')";"CN-SD";2.26e-05
"Nitrogen oxides";"('air', 'urban air close to ground')";"CO";1.72e-05
"Nitrogen oxides";"('air', 'urban air close to ground')";"ZA";3.86e-06
"Nitrogen oxides";"('air', 'urban air close to ground')";"CN-SH";6.87e-05
"Nitrogen oxides";"('air', 'urban air close to ground')";"CH";6.69e-05
"Nitrogen oxides";"('air', 'urban air close to ground')";"SA";7.32e-07
"Nitrogen oxides";"('air', 'urban air close to ground')";"EE";1.21e-05
"Nitrogen oxides";"('air', 'urban air close to ground')";"NO";2.5e-06
"Nitrogen oxides";"('air', 'urban air close to ground')";"TH";1.47e-05
"Nitrogen oxides";"('air', 'urban air close to ground')";"DK";2.55e-05
"Nitrogen oxides";"('air', 'urban air close to ground')";"KR";2.96e-05
"Nitrogen oxides";"('air', 'urban air close to ground')";"CN-HN";3.82e-05
"Nitrogen oxides";"('air', 'urban air close to ground')";"CA-NS";2.57e-06
"Nitrogen oxides";"('air', 'urban air close to ground')";"TW";8.53e-05
"Nitrogen oxides";"('air', 'urban air close to ground')";"ES";1.94e-05
"Nitrogen oxides";"('air', 'urban air close to ground')";"CN-HU";2.9e-05
"Nitrogen oxides";"('air', 'urban air close to ground')";"BR-North-eastern grid";7.09e-06
"Nitrogen oxides";"('air', 'urban air close to ground')";"LT";1.51e-05
"Nitrogen oxides";"('air', 'urban air close to ground')";"BA";2.27e-05
"Nitrogen oxides";"('air', 'urban air close to ground')";"RER w/o RU";2.14e-05
"Nitrogen oxides";"('air', 'urban air close to ground')";"CN-SX";2.52e-05
"Nitrogen oxides";"('air', 'urban air close to ground')";"CN-CQ";6.04e-05
"Nitrogen oxides";"('air', 'urban air close to ground')";"CA-PE";2.17e-06
"Nitrogen oxides";"('air', 'urban air close to ground')";"CA-ON";3.6e-06
"Nitrogen oxides";"('air', 'urban air close to ground')";"CN-HE";2.97e-05
"Nitrogen oxides";"('air', 'urban air close to ground')";"BG";1.46e-05
"Nitrogen oxides";"('air', 'urban air close to ground')";"BR-South-eastern grid";2.86e-05
"Nitrogen oxides";"('air', 'urban air close to ground')";"PT";2.19e-05
"Nitrogen oxides";"('air', 'urban air close to ground')";"IN";1.21e-05
"Nitrogen oxides";"('air', 'urban air close to ground')";"IN-TN";1.98e-05
"Nitrogen oxides";"('air', 'urban air close to ground')";"PE";4.14e-06
"Nitrogen oxides";"('air', 'urban air close to ground')";"RAF";5.59e-06
"Nitrogen oxides";"('air', 'urban air close to ground')";"UN-OCEANIA";6.16e-07
"Nitrogen oxides";"('air', 'urban air close to ground')";"SK";2.92e-05
"Nitrogen oxides";"('air', 'urban air close to ground')";"JP";6.81e-05
"Nitrogen oxides";"('air', 'urban air close to ground')";"BR-Mid-western grid";4.53e-06
"Nitrogen oxides";"('air', 'urban air close to ground')";"WEU";4.73e-05
"Nitrogen oxides";"('air', 'urban air close to ground')";"US-MRO";4.79e-06
"Nitrogen oxides";"('air', 'urban air close to ground')";"CN-JX";3.71e-05
"Nitrogen oxides";"('air', 'urban air close to ground')";"CN-HA";3.42e-05
"Nitrogen oxides";"('air', 'urban air close to ground')";"ID";3.17e-05
"Nitrogen oxides";"('air', 'urban air close to ground')";"AR";1.88e-06
"Nitrogen oxides";"('air', 'urban air close to ground')";"SAS";1.06e-05
"Nitrogen oxides";"('air', 'urban air close to ground')";"CN-JS";3.53e-05
"Nitrogen oxides";"('air', 'urban air close to ground')";"TZ";1.43e-05
"Nitrogen oxides";"('air', 'urban air close to ground')";"GLO";1.86e-06
"Nitrogen oxides";"('air', 'urban air close to ground')";"CN-JL";1.15e-05
"Nitrogen oxides";"('air', 'urban air close to ground')";"CA-NB";2.76e-06
"Nitrogen oxides";"('air', 'urban air close to ground')";"BE";9.61e-05
"Nitrogen oxides";"('air', 'urban air close to ground')";"PH";5.38e-05
"Nitrogen oxides";"('air', 'urban air close to ground')";"UA";1.65e-05
"Nitrogen oxides";"('air', 'urban air close to ground')";"CN-XJ";2.24e-06
"Nitrogen oxides";"('air', 'urban air close to ground')";"CN-TJ";3.08e-05
"Nitrogen oxides";"('air', 'urban air close to ground')";"RER";1.53e-05
"Nitrogen oxides";"('air', 'urban air close to ground')";"LU";6.14e-05
"Nitrogen oxides";"('air', 'urban air close to ground')";"CN-YN";3.51e-05
"Nitrogen oxides";"('air', 'urban air close to ground')";"CN-BJ";3.13e-05
"Nitrogen oxides";"('air', 'urban air close to ground')";"IR";6.1e-06
"Nitrogen oxides";"('air', 'urban air close to ground')";"CN-GX";2.99e-05
"Nitrogen oxides";"('air', 'urban air close to ground')";"RNA";2.39e-06
"Nitrogen oxides";"('air', 'urban air close to ground')";"CA-QC";1.51e-06
"Nitrogen oxides";"('air', 'urban air close to ground')";"US-WECC";3.6e-06
"Nitrogen oxides";"('air', 'urban air close to ground')";"TR";1.88e-05
"Nitrogen oxides";"('air', 'urban air close to ground')";"US-HICC";3.21e-06
"Nitrogen oxides";"('air', 'urban air close to ground')";"CN-FJ";4.47e-05
"Nitrogen oxides";"('air', 'urban air close to ground')";"CN-XZ";1.1e-06
"Nitrogen oxides";"('air', 'urban air close to ground')";"GB";5.44e-05
"Nitrogen oxides";"('air', 'urban air close to ground')";"RER w/o CH+DE";1.37e-05
"Nitrogen oxides";"('air', 'urban air close to ground')";"US-RFC";2.11e-05
"Nitrogen oxides";"('air', 'urban air close to ground')";"NL";7.59e-05
"Nitrogen oxides";"('air', 'urban air close to ground')";"GR";9.69e-06
"Nitrogen oxides";"('air', 'urban air close to ground')";"US-SERC";1.23e-05
"Nitrogen oxides";"('air', 'urban air close to ground')";"CA-NT";1.16e-07
"Nitrogen oxides";"('air', 'urban air close to ground')";"MY";2.44e-05
"Nitrogen oxides";"('air', 'urban air close to ground')";"CN-SA";2.23e-05
"Nitrogen oxides";"('air', 'urban air close to ground')";"CA-SK";6.72e-07
"Nitrogen oxides";"('air', 'urban air close to ground')";"AT";3.47e-05
"Nitrogen oxides";"('air', 'urban air close to ground')";"GH";2.91e-05
"Nitrogen oxides";"('air', 'urban air close to ground')";"CA-NU";1.09e-07
"Nitrogen oxides";"('air', 'urban air close to ground')";"HU";2.21e-05
"Nitrogen oxides";"('air', 'urban air close to ground')";"DE";5.84e-05
"Nitrogen oxides";"('air', 'urban air close to ground')";"IN-KA";1.54e-05
"Nitrogen oxides";"('air', 'urban air close to ground')";"CN-NX";1.39e-05
"Nitrogen oxides";"('air', 'urban air close to ground')";"CN-QH";2.73e-06
"Nitrogen oxides";"('air', 'urban air close to ground')";"CN-AH";2.69e-05
"Nitrogen oxides";"('air', 'urban air close to ground')";"PL";2.43e-05
"Nitrogen oxides";"('air', 'urban air close to ground')";"RoW";1.86e-06
"Nitrogen oxides";"('air', 'urban air close to ground')";"SI";3.59e-05
"Nitrogen oxides";"('air', 'urban air close to ground')";"US-ASCC";8.7e-07
"Nitrogen oxides";"('air', 'urban air close to ground')";"CZ";3.59e-05
"Nitrogen oxides";"('air', 'urban air close to ground')";"BR-Northern grid";2.47e-06
"Nitrogen oxides";"('air', 'urban air close to ground')";"CA-YK";1.23e-07
"Nitrogen oxides";"('air', 'urban air close to ground')";"NP";1.1e-05
"Nitrogen oxides";"('air', 'urban air close to ground')";"CN-GD";6.4e-05
"Nitrogen oxides";"('air', 'urban air close to ground')";"FI";5.59e-06
"Nitrogen oxides";"('air', 'urban air close to ground')";"DZ";2.33e-06
"Nitrogen oxides";"('air', 'urban air close to ground')";"LV";1.23e-05
"Nitrogen oxides";"('air', 'urban air close to ground')";"AU";4.18e-07
"Nitrogen oxides";"('air', 'urban air close to ground')";"CA-MB";7.06e-07
"Nitrogen oxides";"('air', 'urban air close to ground')";"CN-HL";9.1e-06
"Nitrogen oxides";"('air', 'urban air close to ground')";"MT";1.94e-05
"Nitrogen oxides";"('air', 'urban air close to ground')";"CN-ZJ";5.72e-05
"Nitrogen oxides";"('air', 'urban air close to ground')";"RS";2.35e-05
"Nitrogen oxides";"('air', 'urban air close to ground')";"SE";5.6e-06
"Nitrogen oxides";"('air', 'urban air close to ground')";"US";6.1e-06
"Nitrogen oxides";"('air', 'urban air close to ground')";"CN";1.47e-05
"Nitrogen oxides";"('air', 'urban air close to ground')";"CN-GZ";5.01e-05
"Nitrogen oxides";"('air', 'urban air close to ground')";"CA-AB";1.83e-06
"Nitrogen oxides";"('air', 'urban air close to ground')";"UN-SEASIA";2.64e-05
"Nitrogen oxides";"('air', 'urban air close to ground')";"CN-SC";2.7e-05
"Nitrogen oxides";"('air', 'urban air close to ground')";"HR";1.99e-05
"Nitrogen oxides";"('air', 'urban air close to ground')";"CL";7.22e-07
"Nitrogen oxides";"('air', 'urban air close to ground')";"CN-GS";1.03e-05
"Nitrogen oxides";"('air', 'urban air close to ground')";"FR";3.45e-05
"Nitrogen oxides";"('air', 'urban air close to ground')";"US-TRE";5.9e-06
"Nitrogen oxides";"('air', 'urban air close to ground')";"CY";7.73e-06
"Nitrogen oxides";"('air', 'low population density, long-term')";"RER";1.53e-05
"Nitrogen oxides";"('air', 'low population density, long-term')";"DE";5.84e-05
"Nitrogen oxides";"('air', 'low population density, long-term')";"CN-NM";4.48e-06
"Nitrogen oxides";"('air', 'low population density, long-term')";"CH";6.69e-05
"Nitrogen oxides";"('air', 'low population density, long-term')";"Europe without Switzerland";1.53e-05
"Nitrogen oxides";"('air', 'low population density, long-term')";"CA-MB";7.06e-07
"Nitrogen oxides";"('air', 'low population density, long-term')";"CN-FJ";4.47e-05
"Nitrogen oxides";"('air', 'low population density, long-term')";"US";6.1e-06
"Nitrogen oxides";"('air', 'low population density, long-term')";"CN";1.47e-05
"Nitrogen oxides";"('air', 'low population density, long-term')";"CA-AB";1.83e-06
"Nitrogen oxides";"('air', 'low population density, long-term')";"RNA";2.39e-06
"Nitrogen oxides";"('air', 'low population density, long-term')";"RoW";1.86e-06
"Nitrogen oxides";"('air', 'low population density, long-term')";"CN-SC";2.7e-05
"Nitrogen oxides";"('air', 'low population density, long-term')";"CA-QC";1.51e-06
"Nitrogen oxides";"('air', 'low population density, long-term')";"GLO";1.86e-06
"Nitrogen oxides";"('air',)";"RER";1.53e-05
"Nitrogen oxides";"('air',)";"IAI Area, Asia, without China and GCC";1.35e-05
"Nitrogen oxides";"('air',)";"CA";8.26e-07
"Nitrogen oxides";"('air',)";"IAI Area, EU27 & EFTA";2.33e-05
"Nitrogen oxides";"('air',)";"MA";5.52e-06
"Nitrogen oxides";"('air',)";"RNA";2.39e-06
"Nitrogen oxides";"('air',)";"IN";1.21e-05
"Nitrogen oxides";"('air',)";"IAI Area, Africa";9.48e-06
"Nitrogen oxides";"('air',)";"PE";4.14e-06
"Nitrogen oxides";"('air',)";"CA-QC";1.51e-06
"Nitrogen oxides";"('air',)";"BR";7.67e-06
"Nitrogen oxides";"('air',)";"UN-OCEANIA";6.16e-07
"Nitrogen oxides";"('air',)";"Europe without Switzerland and Austria";1.52e-05
"Nitrogen oxides";"('air',)";"IT";3.34e-05
"Nitrogen oxides";"('air',)";"TN";6.27e-06
"Nitrogen oxides";"('air',)";"Europe without Switzerland";1.53e-05
"Nitrogen oxides";"('air',)";"IAI Area, Russia & RER w/o EU27 & EFTA";2.47e-06
"Nitrogen oxides";"('air',)";"CO";1.72e-05
"Nitrogen oxides";"('air',)";"MY";2.44e-05
"Nitrogen oxides";"('air',)";"US";6.1e-06
"Nitrogen oxides";"('air',)";"IAI Area, Gulf Cooperation Council";7e-07
"Nitrogen oxides";"('air',)";"CN";1.47e-05
"Nitrogen oxides";"('air',)";"IAI Area, South America";5.97e-06
"Nitrogen oxides";"('air',)";"ZA";3.86e-06
"Nitrogen oxides";"('air',)";"AT";3.47e-05
"Nitrogen oxides";"('air',)";"CA-AB";1.83e-06
"Nitrogen oxides";"('air',)";"CH";6.69e-05
"Nitrogen oxides";"('air',)";"GLO";1.86e-06
"Nitrogen oxides";"('air',)";"DE";5.84e-05
"Nitrogen oxides";"('air',)";"Europe without Austria";1.53e-05
"Nitrogen oxides";"('air',)";"BE";9.61e-05
"Nitrogen oxides";"('air',)";"PH";5.38e-05
"Nitrogen oxides";"('air',)";"FR";3.45e-05
"Nitrogen oxides";"('air',)";"ES";1.94e-05
"Nitrogen oxides";"('air',)";"RoW";1.86e-06
"Nitrogen oxides";"('air', 'lower stratosphere + upper troposphere')";"RER";0
"Nitrogen oxides";"('air', 'lower stratosphere + upper troposphere')";"IAI Area, Russia & RER w/o EU27 & EFTA";0
"Nitrogen oxides";"('air', 'lower stratosphere + upper troposphere')";"IAI Area, Asia, without China and GCC";0
"Nitrogen oxides";"('air', 'lower stratosphere + upper troposphere')";"CA";0
"Nitrogen oxides";"('air', 'lower stratosphere + upper troposphere')";"US";0
"Nitrogen oxides";"('air', 'lower stratosphere + upper troposphere')";"IAI Area, EU27 & EFTA";0
"Nitrogen oxides";"('air', 'lower stratosphere + upper troposphere')";"CN";0
"Nitrogen oxides";"('air', 'lower stratosphere + upper troposphere')";"IAI Area, Gulf Cooperation Council";0
"Nitrogen oxides";"('air', 'lower stratosphere + upper troposphere')";"IAI Area, South America";0
"Nitrogen oxides";"('air', 'lower stratosphere + upper troposphere')";"RNA";0
"Nitrogen oxides";"('air', 'lower stratosphere + upper troposphere')";"CH";0
"Nitrogen oxides";"('air', 'lower stratosphere + upper troposphere')";"IAI Area, Africa";0
"Nitrogen oxides";"('air', 'lower stratosphere + upper troposphere')";"GLO";0
"Nitrogen oxides";"('air', 'lower stratosphere + upper troposphere')";"DE";0
"Nitrogen oxides";"('air', 'lower stratosphere + upper troposphere')";"UN-OCEANIA";0
"Nitrogen oxides";"('air', 'lower stratosphere + upper troposphere')";"RoW";0
"Nitrogen oxides";"('air', 'non-urban air or from high stacks')";"BR-BA";5.59e-06
"Nitrogen oxides";"('air', 'non-urban air or from high stacks')";"CA-BC";1.12e-06
"Nitrogen oxides";"('air', 'non-urban air or from high stacks')";"CA-NF";3.03e-07
"Nitrogen oxides";"('air', 'non-urban air or from high stacks')";"US-NPCC";2.14e-05
"Nitrogen oxides";"('air', 'non-urban air or from high stacks')";"IE";1.69e-05
"Nitrogen oxides";"('air', 'non-urban air or from high stacks')";"BR-PI";4.03e-06
"Nitrogen oxides";"('air', 'non-urban air or from high stacks')";"RO";2.1e-05
"Nitrogen oxides";"('air', 'non-urban air or from high stacks')";"CN-LN";1.55e-05
"Nitrogen oxides";"('air', 'non-urban air or from high stacks')";"BR-AM";1.86e-06
"Nitrogen oxides";"('air', 'non-urban air or from high stacks')";"ZM";2.74e-06
"Nitrogen oxides";"('air', 'non-urban air or from high stacks')";"IN-CT";7.54e-06
"Nitrogen oxides";"('air', 'non-urban air or from high stacks')";"BR-Southern grid";1.67e-05
"Nitrogen oxides";"('air', 'non-urban air or from high stacks')";"IN-OR";1.14e-05
"Nitrogen oxides";"('air', 'non-urban air or from high stacks')";"IN-GA";1.45e-05
"Nitrogen oxides";"('air', 'non-urban air or from high stacks')";"IN-KL";5.28e-05
"Nitrogen oxides";"('air', 'non-urban air or from high stacks')";"BR-MG";1.8e-05
"Nitrogen oxides";"('air', 'non-urban air or from high stacks')";"MK";2.34e-05
"Nitrogen oxides";"('air', 'non-urban air or from high stacks')";"RU";2.42e-06
"Nitrogen oxides";"('air', 'non-urban air or from high stacks')";"IT";3.34e-05
"Nitrogen oxides";"('air', 'non-urban air or from high stacks')";"MX";8.08e-06
"Nitrogen oxides";"('air', 'non-urban air or from high stacks')";"CN-NM";4.48e-06
"Nitrogen oxides";"('air', 'non-urban air or from high stacks')";"Europe without Switzerland";1.53e-05
"Nitrogen oxides";"('air', 'non-urban air or from high stacks')";"CN-SD";2.26e-05
"Nitrogen oxides";"('air', 'non-urban air or from high stacks')";"CN-HB";1.97e-05
"Nitrogen oxides";"('air', 'non-urban air or from high stacks')";"CO";1.72e-05
"Nitrogen oxides";"('air', 'non-urban air or from high stacks')";"ZA";3.86e-06
"Nitrogen oxides";"('air', 'non-urban air or from high stacks')";"CN-SH";6.87e-05
"Nitrogen oxides";"('air', 'non-urban air or from high stacks')";"HN";2.84e-05
"Nitrogen oxides";"('air', 'non-urban air or from high stacks')";"CH";6.69e-05
"Nitrogen oxides";"('air', 'non-urban air or from high stacks')";"SA";7.32e-07
"Nitrogen oxides";"('air', 'non-urban air or from high stacks')";"EE";1.21e-05
"Nitrogen oxides";"('air', 'non-urban air or from high stacks')";"BR-CE";8.64e-06
"Nitrogen oxides";"('air', 'non-urban air or from high stacks')";"KZ";2.03e-06
"Nitrogen oxides";"('air', 'non-urban air or from high stacks')";"TH";1.47e-05
"Nitrogen oxides";"('air', 'non-urban air or from high stacks')";"BR-PR";2.18e-05
"Nitrogen oxides";"('air', 'non-urban air or from high stacks')";"BR-TO";3.24e-06
"Nitrogen oxides";"('air', 'non-urban air or from high stacks')";"NO";2.5e-06
"Nitrogen oxides";"('air', 'non-urban air or from high stacks')";"CR";1.28e-05
"Nitrogen oxides";"('air', 'non-urban air or from high stacks')";"IN-MH";9.06e-06
"Nitrogen oxides";"('air', 'non-urban air or from high stacks')";"DK";2.55e-05
"Nitrogen oxides";"('air', 'non-urban air or from high stacks')";"KR";2.96e-05
"Nitrogen oxides";"('air', 'non-urban air or from high stacks')";"CN-HN";3.82e-05
"Nitrogen oxides";"('air', 'non-urban air or from high stacks')";"CA-NS";2.57e-06
"Nitrogen oxides";"('air', 'non-urban air or from high stacks')";"TW";8.53e-05
"Nitrogen oxides";"('air', 'non-urban air or from high stacks')";"ES";1.94e-05
"Nitrogen oxides";"('air', 'non-urban air or from high stacks')";"CN-HU";2.9e-05
"Nitrogen oxides";"('air', 'non-urban air or from high stacks')";"BR-North-eastern grid";7.09e-06
"Nitrogen oxides";"('air', 'non-urban air or from high stacks')";"LT";1.51e-05
"Nitrogen oxides";"('air', 'non-urban air or from high stacks')";"BA";2.27e-05
"Nitrogen oxides";"('air', 'non-urban air or from high stacks')";"CN-SX";2.52e-05
"Nitrogen oxides";"('air', 'non-urban air or from high stacks')";"CN-CQ";6.04e-05
"Nitrogen oxides";"('air', 'non-urban air or from high stacks')";"CA-PE";2.17e-06
"Nitrogen oxides";"('air', 'non-urban air or from high stacks')";"CA-ON";3.6e-06
"Nitrogen oxides";"('air', 'non-urban air or from high stacks')";"IN-MP";6.73e-06
"Nitrogen oxides";"('air', 'non-urban air or from high stacks')";"CN-HE";2.97e-05
"Nitrogen oxides";"('air', 'non-urban air or from high stacks')";"BR-South-eastern grid";2.86e-05
"Nitrogen oxides";"('air', 'non-urban air or from high stacks')";"BG";1.46e-05
"Nitrogen oxides";"('air', 'non-urban air or from high stacks')";"PT";2.19e-05
"Nitrogen oxides";"('air', 'non-urban air or from high stacks')";"IN";1.21e-05
"Nitrogen oxides";"('air', 'non-urban air or from high stacks')";"BR-SP";4.69e-05
"Nitrogen oxides";"('air', 'non-urban air or from high stacks')";"IN-TN";1.98e-05
"Nitrogen oxides";"('air', 'non-urban air or from high stacks')";"PE";4.14e-06
"Nitrogen oxides";"('air', 'non-urban air or from high stacks')";"BR-AP";1.07e-06
"Nitrogen oxides";"('air', 'non-urban air or from high stacks')";"BR-MS";3.06e-06
"Nitrogen oxides";"('air', 'non-urban air or from high stacks')";"SK";2.92e-05
"Nitrogen oxides";"('air', 'non-urban air or from high stacks')";"EC";2.45e-05
"Nitrogen oxides";"('air', 'non-urban air or from high stacks')";"JP";6.81e-05
"Nitrogen oxides";"('air', 'non-urban air or from high stacks')";"BR-Mid-western grid";4.53e-06
"Nitrogen oxides";"('air', 'non-urban air or from high stacks')";"CN-JX";3.71e-05
"Nitrogen oxides";"('air', 'non-urban air or from high stacks')";"US-MRO";4.79e-06
"Nitrogen oxides";"('air', 'non-urban air or from high stacks')";"IN-JH";1.76e-05
"Nitrogen oxides";"('air', 'non-urban air or from high stacks')";"CN-HA";3.42e-05
"Nitrogen oxides";"('air', 'non-urban air or from high stacks')";"ID";3.17e-05
"Nitrogen oxides";"('air', 'non-urban air or from high stacks')";"AR";1.88e-06
"Nitrogen oxides";"('air', 'non-urban air or from high stacks')";"BD";3.74e-05
"Nitrogen oxides";"('air', 'non-urban air or from high stacks')";"CN-JS";3.53e-05
"Nitrogen oxides";"('air', 'non-urban air or from high stacks')";"BR-RR";7.14e-07
"Nitrogen oxides";"('air', 'non-urban air or from high stacks')";"TZ";1.43e-05
"Nitrogen oxides";"('air', 'non-urban air or from high stacks')";"IN-UP";1.22e-05
"Nitrogen oxides";"('air', 'non-urban air or from high stacks')";"GLO";1.86e-06
"Nitrogen oxides";"('air', 'non-urban air or from high stacks')";"IN-AS";2.78e-05
"Nitrogen oxides";"('air', 'non-urban air or from high stacks')";"CN-JL";1.15e-05
"Nitrogen oxides";"('air', 'non-urban air or from high stacks')";"CA-NB";2.76e-06
"Nitrogen oxides";"('air', 'non-urban air or from high stacks')";"BE";9.61e-05
"Nitrogen oxides";"('air', 'non-urban air or from high stacks')";"NZ";1.33e-06
"Nitrogen oxides";"('air', 'non-urban air or from high stacks')";"IN-PY";3.3e-05
"Nitrogen oxides";"('air', 'non-urban air or from high stacks')";"PH";5.38e-05
"Nitrogen oxides";"('air', 'non-urban air or from high stacks')";"UCTE without Germany";2.78e-05
"Nitrogen oxides";"('air', 'non-urban air or from high stacks')";"IN-DL";1.93e-05
"Nitrogen oxides";"('air', 'non-urban air or from high stacks')";"UA";1.65e-05
"Nitrogen oxides";"('air', 'non-urban air or from high stacks')";"CN-XJ";2.24e-06
"Nitrogen oxides";"('air', 'non-urban air or from high stacks')";"CN-TJ";3.08e-05
"Nitrogen oxides";"('air', 'non-urban air or from high stacks')";"BR-DF";9.71e-05
"Nitrogen oxides";"('air', 'non-urban air or from high stacks')";"IN-HR";9e-06
"Nitrogen oxides";"('air', 'non-urban air or from high stacks')";"RER";1.53e-05
"Nitrogen oxides";"('air', 'non-urban air or from high stacks')";"LU";6.14e-05
"Nitrogen oxides";"('air', 'non-urban air or from high stacks')";"BR-RS";1.11e-05
"Nitrogen oxides";"('air', 'non-urban air or from high stacks')";"CN-YN";3.51e-05
"Nitrogen oxides";"('air', 'non-urban air or from high stacks')";"CN-BJ";3.13e-05
"Nitrogen oxides";"('air', 'non-urban air or from high stacks')";"IR";6.1e-06
"Nitrogen oxides";"('air', 'non-urban air or from high stacks')";"CA";8.26e-07
"Nitrogen oxides";"('air', 'non-urban air or from high stacks')";"IN-PB";1.3e-05
"Nitrogen oxides";"('air', 'non-urban air or from high stacks')";"CN-GX";2.99e-05
"Nitrogen oxides";"('air', 'non-urban air or from high stacks')";"RNA";2.39e-06
"Nitrogen oxides";"('air', 'non-urban air or from high stacks')";"BR-ES";1.73e-05
"Nitrogen oxides";"('air', 'non-urban air or from high stacks')";"CA-QC";1.51e-06
"Nitrogen oxides";"('air', 'non-urban air or from high stacks')";"BR-GO";1.2e-05
"Nitrogen oxides";"('air', 'non-urban air or from high stacks')";"BR";7.67e-06
"Nitrogen oxides";"('air', 'non-urban air or from high stacks')";"US-WECC";3.6e-06
"Nitrogen oxides";"('air', 'non-urban air or from high stacks')";"TR";1.88e-05
"Nitrogen oxides";"('air', 'non-urban air or from high stacks')";"US-HICC";3.21e-06
"Nitrogen oxides";"('air', 'non-urban air or from high stacks')";"CN-FJ";4.47e-05
"Nitrogen oxides";"('air', 'non-urban air or from high stacks')";"BR-SE";1.49e-05
"Nitrogen oxides";"('air', 'non-urban air or from high stacks')";"CN-XZ";1.1e-06
"Nitrogen oxides";"('air', 'non-urban air or from high stacks')";"GB";5.44e-05
"Nitrogen oxides";"('air', 'non-urban air or from high stacks')";"Canada without Quebec";7.32e-07
"Nitrogen oxides";"('air', 'non-urban air or from high stacks')";"IN-GJ";4.98e-06
"Nitrogen oxides";"('air', 'non-urban air or from high stacks')";"BR-RO";2.22e-06
"Nitrogen oxides";"('air', 'non-urban air or from high stacks')";"UCTE";3.15e-05
"Nitrogen oxides";"('air', 'non-urban air or from high stacks')";"US-RFC";2.11e-05
"Nitrogen oxides";"('air', 'non-urban air or from high stacks')";"VN";4.16e-05
"Nitrogen oxides";"('air', 'non-urban air or from high stacks')";"BR-MT";1.67e-06
"Nitrogen oxides";"('air', 'non-urban air or from high stacks')";"IL";2.41e-05
"Nitrogen oxides";"('air', 'non-urban air or from high stacks')";"NL";7.59e-05
"Nitrogen oxides";"('air', 'non-urban air or from high stacks')";"US-SERC";1.23e-05
"Nitrogen oxides";"('air', 'non-urban air or from high stacks')";"GR";9.69e-06
"Nitrogen oxides";"('air', 'non-urban air or from high stacks')";"LK";3.65e-05
"Nitrogen oxides";"('air', 'non-urban air or from high stacks')";"CA-NT";1.16e-07
"Nitrogen oxides";"('air', 'non-urban air or from high stacks')";"CN-SA";2.23e-05
"Nitrogen oxides";"('air', 'non-urban air or from high stacks')";"MY";2.44e-05
"Nitrogen oxides";"('air', 'non-urban air or from high stacks')";"CA-SK";6.72e-07
"Nitrogen oxides";"('air', 'non-urban air or from high stacks')";"AT";3.47e-05
"Nitrogen oxides";"('air', 'non-urban air or from high stacks')";"GH";2.91e-05
"Nitrogen oxides";"('air', 'non-urban air or from high stacks')";"HU";2.21e-05
"Nitrogen oxides";"('air', 'non-urban air or from high stacks')";"BR-AC";2.6e-06
"Nitrogen oxides";"('air', 'non-urban air or from high stacks')";"DE";5.84e-05
"Nitrogen oxides";"('air', 'non-urban air or from high stacks')";"KE";2.12e-05
"Nitrogen oxides";"('air', 'non-urban air or from high stacks')";"CI";1.4e-05
"Nitrogen oxides";"('air', 'non-urban air or from high stacks')";"IN-KA";1.54e-05
"Nitrogen oxides";"('air', 'non-urban air or from high stacks')";"CN-NX";1.39e-05
"Nitrogen oxides";"('air', 'non-urban air or from high stacks')";"CN-QH";2.73e-06
"Nitrogen oxides";"('air', 'non-urban air or from high stacks')";"CN-AH";2.69e-05
"Nitrogen oxides";"('air', 'non-urban air or from high stacks')";"PL";2.43e-05
"Nitrogen oxides";"('air', 'non-urban air or from high stacks')";"RoW";1.86e-06
"Nitrogen oxides";"('air', 'non-urban air or from high stacks')";"SI";3.59e-05
"Nitrogen oxides";"('air', 'non-urban air or from high stacks')";"US-ASCC";8.7e-07
"Nitrogen oxides";"('air', 'non-urban air or from high stacks')";"CZ";3.59e-05
"Nitrogen oxides";"('air', 'non-urban air or from high stacks')";"BR-Northern grid";2.47e-06
"Nitrogen oxides";"('air', 'non-urban air or from high stacks')";"CN-GD";6.4e-05
"Nitrogen oxides";"('air', 'non-urban air or from high stacks')";"FI";5.59e-06
"Nitrogen oxides";"('air', 'non-urban air or from high stacks')";"BR-MA";7.14e-06
"Nitrogen oxides";"('air', 'non-urban air or from high stacks')";"LV";1.23e-05
"Nitrogen oxides";"('air', 'non-urban air or from high stacks')";"AU";4.18e-07
"Nitrogen oxides";"('air', 'non-urban air or from high stacks')";"IN-WB";3.94e-05
"Nitrogen oxides";"('air', 'non-urban air or from high stacks')";"CA-MB";7.06e-07
"Nitrogen oxides";"('air', 'non-urban air or from high stacks')";"CN-HL";9.1e-06
"Nitrogen oxides";"('air', 'non-urban air or from high stacks')";"CN-ZJ";5.72e-05
"Nitrogen oxides";"('air', 'non-urban air or from high stacks')";"MT";1.94e-05
"Nitrogen oxides";"('air', 'non-urban air or from high stacks')";"RS";2.35e-05
"Nitrogen oxides";"('air', 'non-urban air or from high stacks')";"SE";5.6e-06
"Nitrogen oxides";"('air', 'non-urban air or from high stacks')";"IN-TR";3.05e-05
"Nitrogen oxides";"('air', 'non-urban air or from high stacks')";"US";6.1e-06
"Nitrogen oxides";"('air', 'non-urban air or from high stacks')";"CN";1.47e-05
"Nitrogen oxides";"('air', 'non-urban air or from high stacks')";"CN-GZ";5.01e-05
"Nitrogen oxides";"('air', 'non-urban air or from high stacks')";"CA-AB";1.83e-06
"Nitrogen oxides";"('air', 'non-urban air or from high stacks')";"CN-SC";2.7e-05
"Nitrogen oxides";"('air', 'non-urban air or from high stacks')";"HR";1.99e-05
"Nitrogen oxides";"('air', 'non-urban air or from high stacks')";"IN-RJ";3.92e-06
"Nitrogen oxides";"('air', 'non-urban air or from high stacks')";"IN-BR";2.3e-05
"Nitrogen oxides";"('air', 'non-urban air or from high stacks')";"CL";7.22e-07
"Nitrogen oxides";"('air', 'non-urban air or from high stacks')";"CN-GS";1.03e-05
"Nitrogen oxides";"('air', 'non-urban air or from high stacks')";"IN-AP";9.89e-06
"Nitrogen oxides";"('air', 'non-urban air or from high stacks')";"FR";3.45e-05
"Nitrogen oxides";"('air', 'non-urban air or from high stacks')";"BR-PA";3.58e-06
"Nitrogen oxides";"('air', 'non-urban air or from high stacks')";"US-TRE";5.9e-06
"Nitrogen oxides";"('air', 'non-urban air or from high stacks')";"CY";7.73e-06
"Ammonia";"('air', 'non-urban air or from high stacks')";"RER";0.000131
"Ammonia";"('air', 'non-urban air or from high stacks')";"BR-RS";9.65e-05
"Ammonia";"('air', 'non-urban air or from high stacks')";"BR-BA";4.35e-05
"Ammonia";"('air', 'non-urban air or from high stacks')";"CA";7.37e-06
"Ammonia";"('air', 'non-urban air or from high stacks')";"BR-PI";3.24e-05
"Ammonia";"('air', 'non-urban air or from high stacks')";"RNA";2.01e-05
"Ammonia";"('air', 'non-urban air or from high stacks')";"BR-ES";0.000136
"Ammonia";"('air', 'non-urban air or from high stacks')";"CA-QC";1.41e-05
"Ammonia";"('air', 'non-urban air or from high stacks')";"BR-GO";7.72e-05
"Ammonia";"('air', 'non-urban air or from high stacks')";"BR";5.56e-05
"Ammonia";"('air', 'non-urban air or from high stacks')";"BR-AM";1.12e-05
"Ammonia";"('air', 'non-urban air or from high stacks')";"TR";0.000137
"Ammonia";"('air', 'non-urban air or from high stacks')";"BR-SE";0.000104
"Ammonia";"('air', 'non-urban air or from high stacks')";"BR-RO";1.41e-05
"Ammonia";"('air', 'non-urban air or from high stacks')";"Canada without Quebec";6.45e-06
"Ammonia";"('air', 'non-urban air or from high stacks')";"IN-GJ";3.79e-05
"Ammonia";"('air', 'non-urban air or from high stacks')";"IN-OR";6.55e-05
"Ammonia";"('air', 'non-urban air or from high stacks')";"BR-MG";0.000132
"Ammonia";"('air', 'non-urban air or from high stacks')";"RU";2.06e-05
"Ammonia";"('air', 'non-urban air or from high stacks')";"BR-MT";1.06e-05
"Ammonia";"('air', 'non-urban air or from high stacks')";"VN";0.000307
"Ammonia";"('air', 'non-urban air or from high stacks')";"IT";0.00024
"Ammonia";"('air', 'non-urban air or from high stacks')";"MX";5.75e-05
"Ammonia";"('air', 'non-urban air or from high stacks')";"IL";0.000178
"Ammonia";"('air', 'non-urban air or from high stacks')";"NL";0.000785
"Ammonia";"('air', 'non-urban air or from high stacks')";"CN-NM";4.09e-05
"Ammonia";"('air', 'non-urban air or from high stacks')";"LK";0.000286
"Ammonia";"('air', 'non-urban air or from high stacks')";"MY";0.000149
"Ammonia";"('air', 'non-urban air or from high stacks')";"CO";0.000114
"Ammonia";"('air', 'non-urban air or from high stacks')";"ZA";3.05e-05
"Ammonia";"('air', 'non-urban air or from high stacks')";"AT";0.000285
"Ammonia";"('air', 'non-urban air or from high stacks')";"HN";0.000224
"Ammonia";"('air', 'non-urban air or from high stacks')";"GH";0.000201
"Ammonia";"('air', 'non-urban air or from high stacks')";"CH";0.000564
"Ammonia";"('air', 'non-urban air or from high stacks')";"HU";0.00017
"Ammonia";"('air', 'non-urban air or from high stacks')";"BR-AC";1.28e-05
"Ammonia";"('air', 'non-urban air or from high stacks')";"DE";0.000531
"Ammonia";"('air', 'non-urban air or from high stacks')";"KE";0.000161
"Ammonia";"('air', 'non-urban air or from high stacks')";"CI";9.98e-05
"Ammonia";"('air', 'non-urban air or from high stacks')";"BR-CE";7.03e-05
"Ammonia";"('air', 'non-urban air or from high stacks')";"TH";0.000105
"Ammonia";"('air', 'non-urban air or from high stacks')";"BR-PR";0.000153
"Ammonia";"('air', 'non-urban air or from high stacks')";"BR-TO";2.08e-05
"Ammonia";"('air', 'non-urban air or from high stacks')";"CR";9.95e-05
"Ammonia";"('air', 'non-urban air or from high stacks')";"IN-MH";6.38e-05
"Ammonia";"('air', 'non-urban air or from high stacks')";"ES";0.000153
"Ammonia";"('air', 'non-urban air or from high stacks')";"RoW";1.44e-05
"Ammonia";"('air', 'non-urban air or from high stacks')";"BR-MA";5.29e-05
"Ammonia";"('air', 'non-urban air or from high stacks')";"IN";7.49e-05
"Ammonia";"('air', 'non-urban air or from high stacks')";"BR-SP";0.000345
"Ammonia";"('air', 'non-urban air or from high stacks')";"FI";4.72e-05
"Ammonia";"('air', 'non-urban air or from high stacks')";"PE";2.87e-05
"Ammonia";"('air', 'non-urban air or from high stacks')";"BR-AP";7.62e-06
"Ammonia";"('air', 'non-urban air or from high stacks')";"BR-MS";2.11e-05
"Ammonia";"('air', 'non-urban air or from high stacks')";"AU";3.91e-06
"Ammonia";"('air', 'non-urban air or from high stacks')";"EC";0.000169
"Ammonia";"('air', 'non-urban air or from high stacks')";"ID";0.000203
"Ammonia";"('air', 'non-urban air or from high stacks')";"AR";1.62e-05
"Ammonia";"('air', 'non-urban air or from high stacks')";"US";5.04e-05
"Ammonia";"('air', 'non-urban air or from high stacks')";"BD";0.00021
"Ammonia";"('air', 'non-urban air or from high stacks')";"CN";0.000111
"Ammonia";"('air', 'non-urban air or from high stacks')";"BR-RR";4.84e-06
"Ammonia";"('air', 'non-urban air or from high stacks')";"IN-UP";6.84e-05
"Ammonia";"('air', 'non-urban air or from high stacks')";"GLO";1.44e-05
"Ammonia";"('air', 'non-urban air or from high stacks')";"CL";7.81e-06
"Ammonia";"('air', 'non-urban air or from high stacks')";"NZ";1.28e-05
"Ammonia";"('air', 'non-urban air or from high stacks')";"BE";0.000929
"Ammonia";"('air', 'non-urban air or from high stacks')";"PH";0.000431
"Ammonia";"('air', 'non-urban air or from high stacks')";"FR";0.000301
"Ammonia";"('air', 'non-urban air or from high stacks')";"UA";0.000137
"Ammonia";"('air', 'non-urban air or from high stacks')";"BR-PA";2.47e-05
"Ammonia";"('air', 'non-urban air or from high stacks')";"BR-DF";0.000616
"Ammonia";"('air',)";"RER";0.000131
"Ammonia";"('air',)";"Europe without Switzerland";0.00013
"Ammonia";"('air',)";"MY";0.000149
"Ammonia";"('air',)";"CO";0.000114
"Ammonia";"('air',)";"US";5.04e-05
"Ammonia";"('air',)";"MA";4.39e-05
"Ammonia";"('air',)";"CN";0.000111
"Ammonia";"('air',)";"ZA";3.05e-05
"Ammonia";"('air',)";"AT";0.000285
"Ammonia";"('air',)";"CA-AB";1.54e-05
"Ammonia";"('air',)";"RNA";2.01e-05
"Ammonia";"('air',)";"IN";7.49e-05
"Ammonia";"('air',)";"CH";0.000564
"Ammonia";"('air',)";"PE";2.87e-05
"Ammonia";"('air',)";"CA-QC";1.41e-05
"Ammonia";"('air',)";"BR";5.56e-05
"Ammonia";"('air',)";"GLO";1.44e-05
"Ammonia";"('air',)";"DE";0.000531
"Ammonia";"('air',)";"BE";0.000929
"Ammonia";"('air',)";"PH";0.000431
"Ammonia";"('air',)";"FR";0.000301
"Ammonia";"('air',)";"ES";0.000153
"Ammonia";"('air',)";"RoW";1.44e-05
"Ammonia";"('air',)";"TN";4.81e-05
"Ammonia";"('air',)";"IT";0.00024
"Ammonia";"('air', 'urban air close to ground')";"CA-BC";9.57e-06
"Ammonia";"('air', 'urban air close to ground')";"IS";5.7e-06
"Ammonia";"('air', 'urban air close to ground')";"CA-NF";2.53e-06
"Ammonia";"('air', 'urban air close to ground')";"US-NPCC";0.000203
"Ammonia";"('air', 'urban air close to ground')";"IE";0.000147
"Ammonia";"('air', 'urban air close to ground')";"RO";0.000156
"Ammonia";"('air', 'urban air close to ground')";"CN-LN";0.000135
"Ammonia";"('air', 'urban air close to ground')";"BR-Southern grid";0.000128
"Ammonia";"('air', 'urban air close to ground')";"IN-KL";0.000347
"Ammonia";"('air', 'urban air close to ground')";"MK";0.000171
"Ammonia";"('air', 'urban air close to ground')";"RLA";4.98e-05
"Ammonia";"('air', 'urban air close to ground')";"RU";2.06e-05
"Ammonia";"('air', 'urban air close to ground')";"IT";0.00024
"Ammonia";"('air', 'urban air close to ground')";"MX";5.75e-05
"Ammonia";"('air', 'urban air close to ground')";"CN-NM";4.09e-05
"Ammonia";"('air', 'urban air close to ground')";"Europe without Switzerland";0.00013
"Ammonia";"('air', 'urban air close to ground')";"CN-HB";0.000161
"Ammonia";"('air', 'urban air close to ground')";"CN-SD";0.000179
"Ammonia";"('air', 'urban air close to ground')";"CO";0.000114
"Ammonia";"('air', 'urban air close to ground')";"ZA";3.05e-05
"Ammonia";"('air', 'urban air close to ground')";"CN-SH";0.000598
"Ammonia";"('air', 'urban air close to ground')";"CH";0.000564
"Ammonia";"('air', 'urban air close to ground')";"SA";5.44e-06
"Ammonia";"('air', 'urban air close to ground')";"EE";9.84e-05
"Ammonia";"('air', 'urban air close to ground')";"TH";0.000105
"Ammonia";"('air', 'urban air close to ground')";"NO";2.16e-05
"Ammonia";"('air', 'urban air close to ground')";"DK";0.000225
"Ammonia";"('air', 'urban air close to ground')";"KR";0.000246
"Ammonia";"('air', 'urban air close to ground')";"CN-HN";0.00027
"Ammonia";"('air', 'urban air close to ground')";"CA-NS";2.15e-05
"Ammonia";"('air', 'urban air close to ground')";"TW";0.000583
"Ammonia";"('air', 'urban air close to ground')";"ES";0.000153
"Ammonia";"('air', 'urban air close to ground')";"CN-HU";0.000209
"Ammonia";"('air', 'urban air close to ground')";"BR-North-eastern grid";5.52e-05
"Ammonia";"('air', 'urban air close to ground')";"LT";0.000121
"Ammonia";"('air', 'urban air close to ground')";"BA";0.000152
"Ammonia";"('air', 'urban air close to ground')";"RER w/o RU";0.000183
"Ammonia";"('air', 'urban air close to ground')";"CN-CQ";0.000422
"Ammonia";"('air', 'urban air close to ground')";"CN-SX";0.000194
"Ammonia";"('air', 'urban air close to ground')";"CA-PE";1.9e-05
"Ammonia";"('air', 'urban air close to ground')";"CA-ON";3.25e-05
"Ammonia";"('air', 'urban air close to ground')";"CN-HE";0.000221
"Ammonia";"('air', 'urban air close to ground')";"BG";0.000109
"Ammonia";"('air', 'urban air close to ground')";"BR-South-eastern grid";0.00021
"Ammonia";"('air', 'urban air close to ground')";"PT";0.000157
"Ammonia";"('air', 'urban air close to ground')";"IN";7.49e-05
"Ammonia";"('air', 'urban air close to ground')";"IN-TN";0.000156
"Ammonia";"('air', 'urban air close to ground')";"PE";2.87e-05
"Ammonia";"('air', 'urban air close to ground')";"RAF";3.89e-05
"Ammonia";"('air', 'urban air close to ground')";"UN-OCEANIA";5.65e-06
"Ammonia";"('air', 'urban air close to ground')";"SK";0.00023
"Ammonia";"('air', 'urban air close to ground')";"JP";0.000531
"Ammonia";"('air', 'urban air close to ground')";"BR-Mid-western grid";2.94e-05
"Ammonia";"('air', 'urban air close to ground')";"WEU";0.000425
"Ammonia";"('air', 'urban air close to ground')";"US-MRO";4.11e-05
"Ammonia";"('air', 'urban air close to ground')";"CN-JX";0.000263
"Ammonia";"('air', 'urban air close to ground')";"CN-HA";0.000223
"Ammonia";"('air', 'urban air close to ground')";"ID";0.000203
"Ammonia";"('air', 'urban air close to ground')";"AR";1.62e-05
"Ammonia";"('air', 'urban air close to ground')";"SAS";6.88e-05
"Ammonia";"('air', 'urban air close to ground')";"CN-JS";0.000288
"Ammonia";"('air', 'urban air close to ground')";"TZ";0.000101
"Ammonia";"('air', 'urban air close to ground')";"GLO";1.44e-05
"Ammonia";"('air', 'urban air close to ground')";"CN-JL";9.9e-05
"Ammonia";"('air', 'urban air close to ground')";"CA-NB";2.34e-05
"Ammonia";"('air', 'urban air close to ground')";"BE";0.000929
"Ammonia";"('air', 'urban air close to ground')";"UA";0.000137
"Ammonia";"('air', 'urban air close to ground')";"CN-XJ";1.82e-05
"Ammonia";"('air', 'urban air close to ground')";"CN-TJ";0.000227
"Ammonia";"('air', 'urban air close to ground')";"RER";0.000131
"Ammonia";"('air', 'urban air close to ground')";"LU";0.000554
"Ammonia";"('air', 'urban air close to ground')";"CN-YN";0.000253
"Ammonia";"('air', 'urban air close to ground')";"CN-BJ";0.000259
"Ammonia";"('air', 'urban air close to ground')";"IR";4.69e-05
"Ammonia";"('air', 'urban air close to ground')";"CN-GX";0.000203
"Ammonia";"('air', 'urban air close to ground')";"RNA";2.01e-05
"Ammonia";"('air', 'urban air close to ground')";"CA-QC";1.41e-05
"Ammonia";"('air', 'urban air close to ground')";"US-WECC";2.76e-05
"Ammonia";"('air', 'urban air close to ground')";"TR";0.000137
"Ammonia";"('air', 'urban air close to ground')";"US-HICC";2.21e-05
"Ammonia";"('air', 'urban air close to ground')";"CN-FJ";0.000345
"Ammonia";"('air', 'urban air close to ground')";"CN-XZ";9.93e-06
"Ammonia";"('air', 'urban air close to ground')";"GB";0.000547
"Ammonia";"('air', 'urban air close to ground')";"US-RFC";0.000189
"Ammonia";"('air', 'urban air close to ground')";"NL";0.000785
"Ammonia";"('air', 'urban air close to ground')";"GR";7.6e-05
"Ammonia";"('air', 'urban air close to ground')";"US-SERC";9.32e-05
"Ammonia";"('air', 'urban air close to ground')";"CA-NT";1.07e-06
"Ammonia";"('air', 'urban air close to ground')";"MY";0.000149
"Ammonia";"('air', 'urban air close to ground')";"CN-SA";0.000153
"Ammonia";"('air', 'urban air close to ground')";"CA-SK";5.76e-06
"Ammonia";"('air', 'urban air close to ground')";"AT";0.000285
"Ammonia";"('air', 'urban air close to ground')";"CA-NU";1.03e-06
"Ammonia";"('air', 'urban air close to ground')";"HU";0.00017
"Ammonia";"('air', 'urban air close to ground')";"DE";0.000531
"Ammonia";"('air', 'urban air close to ground')";"IN-KA";0.000116
"Ammonia";"('air', 'urban air close to ground')";"CN-NX";0.000107
"Ammonia";"('air', 'urban air close to ground')";"CN-QH";2.29e-05
"Ammonia";"('air', 'urban air close to ground')";"CN-AH";0.000208
"Ammonia";"('air', 'urban air close to ground')";"PL";0.000209
"Ammonia";"('air', 'urban air close to ground')";"RoW";1.44e-05
"Ammonia";"('air', 'urban air close to ground')";"SI";0.000249
"Ammonia";"('air', 'urban air close to ground')";"US-ASCC";6.74e-06
"Ammonia";"('air', 'urban air close to ground')";"CZ";0.000303
"Ammonia";"('air', 'urban air close to ground')";"BR-Northern grid";1.6e-05
"Ammonia";"('air', 'urban air close to ground')";"CA-YK";1.12e-06
"Ammonia";"('air', 'urban air close to ground')";"NP";6.55e-05
"Ammonia";"('air', 'urban air close to ground')";"CN-GD";0.000474
"Ammonia";"('air', 'urban air close to ground')";"FI";4.72e-05
"Ammonia";"('air', 'urban air close to ground')";"LV";9.46e-05
"Ammonia";"('air', 'urban air close to ground')";"AU";3.91e-06
"Ammonia";"('air', 'urban air close to ground')";"CA-MB";6.03e-06
"Ammonia";"('air', 'urban air close to ground')";"CN-HL";7.41e-05
"Ammonia";"('air', 'urban air close to ground')";"MT";8.34e-05
"Ammonia";"('air', 'urban air close to ground')";"CN-ZJ";0.000454
"Ammonia";"('air', 'urban air close to ground')";"RS";0.000174
"Ammonia";"('air', 'urban air close to ground')";"SE";5e-05
"Ammonia";"('air', 'urban air close to ground')";"US";5.04e-05
"Ammonia";"('air', 'urban air close to ground')";"CN";0.000111
"Ammonia";"('air', 'urban air close to ground')";"CN-GZ";0.000354
"Ammonia";"('air', 'urban air close to ground')";"CA-AB";1.54e-05
"Ammonia";"('air', 'urban air close to ground')";"UN-SEASIA";0.000179
"Ammonia";"('air', 'urban air close to ground')";"CN-SC";0.000196
"Ammonia";"('air', 'urban air close to ground')";"HR";0.000144
"Ammonia";"('air', 'urban air close to ground')";"CL";7.81e-06
"Ammonia";"('air', 'urban air close to ground')";"CN-GS";7.87e-05
"Ammonia";"('air', 'urban air close to ground')";"FR";0.000301
"Ammonia";"('air', 'urban air close to ground')";"US-TRE";4.65e-05
"Ammonia";"('air', 'urban air close to ground')";"CY";4.75e-05
"Ammonia";"('air', 'low population density, long-term')";"RER";0.000131
"Ammonia";"('air', 'low population density, long-term')";"DE";0.000531
"Ammonia";"('air', 'low population density, long-term')";"CH";0.000564
"Ammonia";"('air', 'low population density, long-term')";"Europe without Switzerland";0.00013
"Ammonia";"('air', 'low population density, long-term')";"CA-MB";6.03e-06
"Ammonia";"('air', 'low population density, long-term')";"US";5.04e-05
"Ammonia";"('air', 'low population density, long-term')";"CN";0.000111
"Ammonia";"('air', 'low population density, long-term')";"CA-SK";5.76e-06
"Ammonia";"('air', 'low population density, long-term')";"CA-AB";1.54e-05
"Ammonia";"('air', 'low population density, long-term')";"RNA";2.01e-05
"Ammonia";"('air', 'low population density, long-term')";"RoW";1.44e-05
"Ammonia";"('air', 'low population density, long-term')";"CA-QC";1.41e-05
"Ammonia";"('air', 'low population density, long-term')";"GLO";1.44e-05
